user_id,recommendations
1340,"[1037840, 852856, 1075368, 986912, 1029743]"
588,"[899624, 933835, 907631, 1106523, 866211]"
2070,"[899624, 916122, 865456, 913210, 838186]"
1602,"[1070820, 832678, 872137, 901062, 6034857]"
447,"[899624, 1004906, 1106523, 909714, 1029743]"
117,"[1105488, 901062, 1068719, 940947, 880150]"
1762,"[1029743, 909714, 976199, 1105488, 852856]"
1550,"[1029743, 12301100, 1050851, 1044078, 1106523]"
2475,"[5568378, 1070820, 1081177, 971922, 5569471]"
762,"[1068719, 916122, 844179, 857503, 986912]"
1453,"[866211, 852856, 916122, 5569845, 986912]"
2322,"[1127831, 899624, 909714, 852856, 854852]"
1257,"[1106523, 5568378, 8090521, 8090537, 957951]"
1794,"[1106523, 901062, 1126899, 5568378, 1029743]"
1328,"[1004906, 854852, 866211, 1106523, 901062]"
1061,"[5585510, 1106523, 1068719, 854405, 899624]"
1566,"[865456, 976199, 913210, 899624, 1081177]"
1179,"[933835, 5568378, 865456, 1132771, 1056509]"
2489,"[1068719, 1029743, 1106523, 976199, 983584]"
2184,"[1029743, 1106523, 1070820, 1075368, 1068719]"
2228,[]
1277,"[1106523, 1044078, 916122, 866211, 897954]"
1804,"[1029743, 1068719, 899624, 866211, 852856]"
1735,"[1068719, 907631, 1004906, 1044078, 1106523]"
1821,"[1106523, 899624, 854852, 844179, 1056509]"
1907,"[1068719, 916122, 844179, 1004906, 976199]"
1393,"[12810393, 1068719, 844179, 901062, 835098]"
844,"[1127831, 899624, 1004906, 866211, 901062]"
1724,"[1126899, 5569230, 1070820, 872137, 852856]"
1854,"[1062002, 901062, 857503, 1029743, 854852]"
2285,"[6034857, 1106523, 854852, 857503, 901062]"
1944,"[1029743, 878996, 1070820, 1126899, 1004906]"
106,"[5569230, 8090532, 6034857, 1004906, 1126899]"
534,"[986912, 1029743, 965766, 1075368, 916122]"
1366,"[1087102, 1101010, 901062, 1106523, 986912]"
401,"[965766, 916122, 1044078, 1106523, 1029743]"
894,"[872137, 865456, 854852, 1126899, 838186]"
397,"[985999, 1029743, 1126899, 1106523, 965766]"
853,"[951412, 999858, 916122, 1087102, 878996]"
538,"[5568378, 1070820, 909714, 1126899, 6034857]"
663,"[1068719, 1004906, 1029743, 1037840, 1075368]"
1398,"[844179, 1106523, 1044078, 12810393, 5568378]"
1570,"[12301109, 899624, 854852, 1105488, 1029743]"
1305,"[1106523, 983584, 893018, 5569230, 1070820]"
1994,"[852856, 1037840, 1075368, 986912, 865334]"
882,"[1137775, 1106523, 1044078, 999270, 1029743]"
1795,"[1070820, 8090521, 1050851, 8090537, 1068719]"
1491,"[1106523, 901062, 844179, 854852, 965766]"
2241,"[1029743, 993638, 933835, 883003, 986912]"
2015,"[12810393, 1029743, 1070702, 940947, 916122]"
696,"[1029743, 933835, 1126899, 976199, 971922]"
1412,"[1029743, 1068719, 965766, 832678, 976199]"
981,"[872137, 5568378, 893018, 8090537, 5568729]"
1651,"[6034857, 1029743, 1106523, 1087102, 1126899]"
292,"[1106523, 933835, 883003, 8090537, 8090532]"
1203,"[1106523, 1044078, 916122, 866211, 1042438]"
2194,"[8090537, 1081177, 845307, 6034857, 1029743]"
204,"[1070820, 983584, 1004906, 852856, 965766]"
1770,"[1029743, 1004906, 1106523, 835098, 1081177]"
81,"[1029743, 933835, 1106523, 971922, 1132771]"
64,"[1106523, 1004906, 999270, 1127831, 899624]"
2238,"[899624, 1029743, 834117, 1004906, 1106523]"
2484,"[1029743, 899624, 866211, 880150, 854405]"
841,"[916122, 863447, 883003, 1044078, 1040807]"
1166,"[1029743, 899624, 1068719, 999270, 839419]"
804,"[1037840, 1029743, 852856, 1106523, 1068719]"
2363,"[1070820, 1126899, 1029743, 1106523, 1068719]"
1659,"[1029743, 866211, 6034857, 1044078, 916122]"
2151,"[1122358, 976199, 5568378, 965766, 1106523]"
101,"[899624, 1106523, 1070820, 1044078, 916122]"
1397,"[1029743, 899624, 1068719, 1106523, 1044078]"
1510,"[899624, 986912, 910032, 999270, 933835]"
1240,"[1126899, 6034857, 913210, 1070820, 857503]"
113,"[965766, 976199, 916122, 913210, 901062]"
382,[]
18,"[1081177, 1068719, 916122, 865456, 951412]"
228,"[1126899, 986912, 6034857, 1070820, 1081177]"
1637,"[971922, 986912, 933835, 965766, 1040807]"
442,"[1029743, 1004906, 899624, 880150, 844179]"
1128,"[1106523, 1029743, 1070820, 1138443, 933835]"
1137,"[1029743, 916122, 1044078, 999858, 1106523]"
1530,"[1029743, 965766, 976199, 1004906, 983584]"
1653,"[1029743, 1044078, 844179, 899624, 880150]"
360,"[5568378, 1106523, 957951, 8090521, 834117]"
1454,"[1029743, 5569471, 951412, 976199, 999104]"
2189,"[913210, 872137, 1126899, 865456, 999104]"
900,"[1132771, 986912, 1068719, 844179, 8065410]"
485,"[1029743, 863447, 844179, 999858, 916122]"
885,"[1068719, 1106523, 976199, 1029743, 965766]"
1030,[]
1004,"[965766, 1029743, 1106523, 5569230, 1068719]"
1051,"[1137775, 1029743, 1004906, 933835, 899624]"
433,"[1106523, 1068719, 1029743, 999858, 983584]"
1658,"[913210, 872137, 965766, 983584, 976199]"
1394,"[940947, 872137, 1101010, 1040807, 933835]"
119,"[940947, 823704, 1081177, 6034857, 1056509]"
2264,"[916122, 1127831, 1126899, 908318, 999270]"
618,"[1106523, 899624, 1068719, 1101010, 1070820]"
1262,[]
20,"[1075368, 916122, 1068719, 1029743, 1070820]"
2360,"[1029743, 916122, 1068719, 844179, 8090537]"
243,"[901062, 866211, 6034857, 933835, 857503]"
125,"[5568378, 1029743, 883003, 834117, 844179]"
768,"[1029743, 834117, 863447, 913210, 844179]"
13,"[1029743, 901062, 1042438, 1068719, 1070820]"
1937,"[909714, 1004906, 1070820, 951412, 901062]"
1151,"[893018, 916122, 5569230, 832678, 1122358]"
1694,"[1044078, 1068719, 8090521, 8090537, 844179]"
1704,"[1012587, 1037840, 852856, 839419, 1106523]"
2237,"[916122, 965766, 1004906, 976199, 844179]"
707,"[1029743, 5569471, 5569230, 835098, 902172]"
2076,"[1106523, 854852, 835098, 5568378, 1068719]"
2130,"[1068719, 899624, 872137, 1106523, 874972]"
1406,"[933835, 965766, 1138443, 1029743, 883003]"
208,"[901062, 910032, 999270, 880150, 865456]"
2330,"[6034857, 857503, 1101010, 1004906, 986912]"
1720,"[5568729, 933835, 916122, 909714, 1040807]"
239,"[1106523, 1044078, 835098, 1087102, 971922]"
1579,"[1029743, 1068719, 916122, 983584, 907631]"
470,"[1075368, 852856, 8090532, 1037840, 976199]"
1803,"[1029743, 1106523, 852856, 5585510, 1004906]"
920,"[1106523, 1029743, 1044078, 1068719, 5568378]"
301,"[1106523, 933835, 1044078, 1040807, 844179]"
2050,"[1029743, 857503, 1106523, 835098, 916122]"
2162,"[899624, 5569471, 1029743, 976199, 933835]"
1489,"[1029743, 5569230, 1068719, 916122, 933835]"
1172,"[1068719, 1029743, 1122358, 1126899, 5568729]"
1287,"[1101010, 965766, 872137, 854852, 1087102]"
32,"[901062, 1004906, 899624, 1081177, 1029743]"
695,"[866211, 1029743, 899624, 933835, 857503]"
404,"[5569230, 976199, 965766, 1029743, 1126899]"
1355,"[1004906, 1068719, 1056509, 899624, 976199]"
1091,"[1029743, 965766, 5569230, 976199, 916122]"
79,"[1105488, 1029743, 986912, 6034857, 1068719]"
1228,"[866211, 899624, 1068719, 901062, 1106523]"
1046,"[1126899, 1070820, 6034857, 1106523, 5569230]"
389,"[1106523, 1068719, 1070702, 854405, 863447]"
1618,"[854405, 878996, 901062, 971922, 1070820]"
2479,"[916122, 1127831, 933835, 1068719, 899624]"
426,"[1004906, 6034857, 901062, 863447, 866211]"
550,[]
553,"[1029743, 1138443, 1087102, 1132771, 1068719]"
1956,"[1126899, 5568378, 1070820, 933835, 5569374]"
2215,"[1075368, 1004906, 880150, 1037840, 916122]"
451,"[1105488, 1122358, 999858, 1056509, 1029743]"
891,"[866211, 1106523, 854405, 1012587, 1070702]"
2102,"[854852, 940947, 872137, 1029743, 6034857]"
1580,"[1029743, 965766, 1068719, 976199, 1044078]"
669,"[5568729, 1126899, 8090532, 1132771, 951412]"
396,"[1106523, 899624, 1126899, 1029743, 1004906]"
1042,"[1044078, 916122, 1075368, 951412, 985999]"
432,"[1004906, 1044078, 899624, 916122, 1029743]"
1459,"[8065410, 854852, 5569230, 844179, 865456]"
345,"[1138443, 1137775, 899624, 1029743, 5568378]"
850,"[899624, 933835, 844179, 916122, 863447]"
2401,"[1106523, 854852, 1081177, 6034857, 5585510]"
2412,"[916122, 1044078, 5568378, 899624, 1106523]"
2154,"[1106523, 901062, 999270, 1029743, 854852]"
2420,"[1106523, 1068719, 880150, 944534, 1004906]"
569,"[1112238, 1132771, 1126899, 986912, 5569230]"
1547,"[986912, 834117, 1029743, 1138443, 5569230]"
975,"[944836, 857503, 1029743, 1127831, 5569471]"
511,"[1029743, 1056509, 983584, 12301100, 1106523]"
2132,"[866211, 901062, 1004906, 857503, 909714]"
161,"[5568378, 910032, 844179, 1004906, 1050851]"
2301,"[835098, 865456, 854852, 1126899, 872137]"
888,"[916122, 933835, 901062, 6034857, 865456]"
2483,"[1070820, 1105488, 878996, 872137, 1029743]"
710,"[1106523, 1029743, 1068719, 5568729, 1075368]"
949,"[8090521, 1029743, 8090537, 1126899, 1106523]"
2198,"[965766, 901062, 1056509, 913210, 1137775]"
1367,"[933835, 899624, 1070820, 1040807, 940947]"
594,"[1029743, 908318, 1062002, 834117, 983584]"
972,"[832678, 834117, 940947, 965766, 5569230]"
418,"[1029743, 899624, 883003, 971922, 1068719]"
2459,"[899624, 1029743, 1004906, 863447, 854852]"
2460,[]
1425,"[5568378, 1044078, 8090521, 8090537, 1101010]"
1378,"[5585510, 1062002, 1127831, 852856, 1105488]"
560,"[1029743, 835098, 933835, 999104, 1068719]"
982,"[5569230, 1029743, 899624, 999270, 1004906]"
855,"[1029743, 986912, 1106523, 5585510, 866211]"
728,"[1029743, 899624, 844179, 976199, 1004906]"
1029,"[933835, 1132771, 1087102, 1127831, 908318]"
2274,"[5569230, 885863, 1101010, 1070702, 854852]"
1475,"[899624, 844179, 916122, 1004906, 933835]"
463,"[1106523, 12810393, 901062, 1029743, 1127831]"
2116,"[1087102, 1070820, 993638, 986912, 1132771]"
1643,"[1106523, 1029743, 1070820, 1126899, 965766]"
91,"[908318, 1029743, 1087102, 1056509, 1106523]"
638,"[1029743, 899624, 1044078, 1004906, 844179]"
1534,"[916122, 1070820, 1068719, 1029743, 999858]"
1297,"[1029743, 878996, 854852, 985999, 899624]"
603,"[1106523, 1068719, 1029743, 5568378, 8090537]"
1557,"[1106523, 1138443, 5569230, 5569471, 1126899]"
759,"[854852, 909714, 1081177, 6034857, 866211]"
37,"[1132771, 1075368, 1070820, 1106523, 1087102]"
1484,"[1004906, 1029743, 1105488, 944836, 916122]"
1767,"[5568378, 1126899, 1106523, 1070820, 5569230]"
1358,"[1029743, 1106523, 1044078, 12301100, 893018]"
558,"[1106523, 1029743, 1056509, 965766, 854405]"
2263,"[1004906, 976199, 901062, 965766, 1029743]"
246,"[983584, 1029743, 965766, 1106523, 976199]"
916,"[1075368, 5569230, 899624, 1037840, 834117]"
823,"[1070820, 8065410, 834117, 8090532, 5568729]"
1620,"[899624, 1106523, 916122, 1068719, 1044078]"
2467,"[899624, 1081177, 1127831, 909714, 1126899]"
2086,"[1029743, 1004906, 1044078, 866211, 1070820]"
1383,"[1029743, 1126899, 1106523, 940947, 1081177]"
1564,"[854852, 899624, 872137, 866211, 940947]"
2352,"[1126899, 1029743, 1070820, 1081177, 1056509]"
358,"[1068719, 1106523, 1044078, 976199, 957951]"
2199,"[1101010, 1070820, 1126899, 1029743, 986912]"
802,[]
747,"[8090537, 1004906, 1029743, 8090532, 1068719]"
386,"[901062, 1040807, 909714, 1044078, 1101010]"
1164,"[1070820, 901062, 866211, 5569230, 1081177]"
1445,"[1044078, 1029743, 1004906, 854405, 916122]"
1479,"[1106523, 1029743, 1068719, 986912, 5568378]"
285,"[899624, 1106523, 844179, 1081177, 823704]"
563,"[1029743, 1075368, 854852, 5568378, 1126899]"
1142,"[916122, 6034857, 880150, 965766, 908318]"
1529,"[899624, 1106523, 12810393, 844179, 916122]"
2023,"[852856, 1070820, 1075368, 1037840, 1126899]"
744,"[1068719, 6034857, 1029743, 1056509, 1070820]"
2147,"[986912, 933835, 1106523, 1087102, 897954]"
2429,"[1106523, 899624, 986912, 933835, 1138443]"
2334,"[1029743, 854405, 5568378, 12301109, 835098]"
1729,"[1040807, 1132771, 986912, 854852, 1137775]"
1751,"[1068719, 1070820, 1004906, 916122, 844179]"
2462,"[1029743, 916122, 883003, 6034857, 901062]"
215,"[985999, 12810393, 1068719, 6034857, 940947]"
2350,[]
784,"[5569230, 1068719, 1029743, 965766, 976199]"
1535,"[1106523, 907631, 986912, 5568378, 1042438]"
800,"[916122, 5568378, 12810393, 985999, 951412]"
1558,"[866211, 1004906, 1070820, 1106523, 908318]"
484,"[1070820, 854852, 1050851, 5569230, 8090537]"
377,"[1029743, 1044078, 944534, 880150, 1126899]"
2065,"[1029743, 965766, 1044078, 916122, 976199]"
771,"[1004906, 1068719, 899624, 6034857, 933835]"
1159,"[1068719, 8090532, 1029743, 5568729, 1070820]"
604,"[899624, 12301100, 854852, 1004906, 8090532]"
2003,"[12301109, 916122, 1004906, 854852, 965766]"
27,"[5568378, 1106523, 5569230, 865456, 983584]"
614,"[1029743, 965766, 976199, 1004906, 1068719]"
1604,"[832678, 5569230, 1126899, 8090537, 8090521]"
278,"[1075368, 8090521, 1070820, 852856, 1037840]"
1015,"[986912, 1029743, 1106523, 1068719, 1070820]"
672,"[5568378, 1029743, 1106523, 983584, 1068719]"
87,"[1075368, 909714, 6034857, 872137, 1070820]"
105,"[1004906, 999858, 999270, 1081177, 1070702]"
8,"[1029743, 1068719, 6034857, 1044078, 872137]"
211,"[1062002, 1068719, 1029743, 832678, 1106523]"
2267,"[1126899, 913210, 854852, 865456, 899624]"
311,"[1106523, 1029743, 1126899, 1004906, 8090537]"
703,"[901062, 1127831, 5569230, 909714, 1043751]"
1676,"[878996, 8090532, 8090509, 1138443, 5569374]"
95,"[8090532, 8090521, 1029743, 899624, 1068719]"
612,"[1029743, 908318, 916122, 1068719, 899624]"
1941,"[1044078, 907631, 1029743, 976199, 965766]"
2380,"[1029743, 865456, 5585510, 1122358, 1106523]"
1010,"[1127831, 971922, 986912, 1126899, 1040807]"
1188,"[1044078, 1106523, 965766, 1068719, 1029743]"
1105,[]
2048,"[1106523, 1029743, 965766, 976199, 1126899]"
1376,"[1029743, 899624, 8090537, 12301109, 857503]"
1391,"[1068719, 913210, 852856, 872137, 1070820]"
2426,"[1029743, 899624, 1044078, 916122, 1106523]"
598,"[1004906, 1106523, 872137, 899624, 1056509]"
840,"[1029743, 916122, 1068719, 1087102, 965766]"
1113,"[1029743, 916122, 1126899, 1004906, 5568378]"
1883,"[8090521, 1106523, 872137, 1070820, 838186]"
1474,"[5568378, 1106523, 933835, 993638, 1037840]"
489,"[986912, 1087102, 1138443, 1056509, 1132771]"
104,"[1029743, 899624, 1044078, 965766, 933835]"
1020,"[1070820, 899624, 1004906, 12301109, 965766]"
1837,"[854852, 12810393, 1132771, 971922, 866211]"
2351,"[899624, 1004906, 916122, 1029743, 12301109]"
1719,"[1106523, 5569230, 5568378, 965766, 8090521]"
1581,"[916122, 901062, 6034857, 857503, 1070820]"
1856,"[986912, 933835, 916122, 12810393, 1044078]"
1839,"[1106523, 913210, 865456, 5568378, 872137]"
2485,"[1126899, 1106523, 852856, 1037840, 1070820]"
956,"[1070820, 986912, 944534, 933835, 1087102]"
250,"[8090537, 1029743, 5568378, 1081177, 1056509]"
1942,"[1106523, 5569230, 5585510, 1029743, 916122]"
464,"[1029743, 901062, 12810393, 1056509, 993638]"
805,"[1029743, 899624, 916122, 1044078, 1106523]"
702,"[1106523, 1029743, 899624, 916122, 865456]"
133,"[965766, 976199, 1029743, 1070820, 999104]"
454,"[1044078, 1029743, 1068719, 1106523, 899624]"
1467,"[834117, 986912, 1029743, 1106523, 12301100]"
2057,"[5568729, 1087102, 1132771, 971922, 1138443]"
430,"[1106523, 1029743, 986912, 1068719, 940947]"
233,"[1029743, 1106523, 1126899, 5569230, 1081177]"
1707,"[1050851, 986912, 1101010, 12301100, 12301109]"
1402,"[1106523, 1056509, 1029743, 983584, 965766]"
2275,"[916122, 1029743, 899624, 844179, 863447]"
1111,"[1068719, 1106523, 1004906, 854852, 5569230]"
2340,"[1044078, 8090521, 1029743, 5568378, 8090537]"
1326,"[899624, 1044078, 1029743, 983584, 1056509]"
863,"[916122, 1106523, 986912, 1056509, 1070820]"
2084,"[6034857, 1126899, 1106523, 854852, 5568378]"
67,"[899624, 1029743, 1068719, 933835, 1044078]"
1621,"[1106523, 1087102, 883003, 907631, 885863]"
1952,"[1029743, 944534, 1106523, 944836, 916122]"
304,"[1029743, 1068719, 1106523, 899624, 965766]"
2169,"[1087102, 5585510, 883003, 933835, 854852]"
178,"[1040807, 933835, 1087102, 883003, 1132771]"
928,"[909714, 852856, 908318, 1037840, 854852]"
415,"[1075368, 1037840, 852856, 957951, 5569230]"
621,"[844179, 1137775, 1070702, 863447, 883003]"
2088,"[1044078, 1068719, 1029743, 1004906, 866211]"
1040,"[1075368, 1126899, 5569471, 1138443, 1122358]"
1168,"[983584, 1029743, 965766, 976199, 913210]"
2272,"[1040807, 908318, 1068719, 1138443, 971922]"
2307,"[1138443, 883003, 986912, 1087102, 1112238]"
1930,"[902172, 893018, 863447, 872137, 838186]"
822,[]
1180,"[1068719, 1029743, 965766, 1122358, 1106523]"
1832,"[1126899, 1106523, 1070820, 1029743, 1068719]"
1298,"[1004906, 832678, 965766, 901062, 899624]"
1074,"[1029743, 999270, 940947, 933835, 965766]"
2208,"[5569230, 12810393, 1106523, 1132771, 8090532]"
1627,"[1029743, 1105488, 835098, 909714, 1068719]"
940,"[1106523, 1070820, 852856, 1029743, 1126899]"
708,"[1029743, 1068719, 976199, 1070820, 1062002]"
2406,"[1126899, 5568378, 878996, 5568729, 857503]"
1418,"[1029743, 1106523, 5568729, 852856, 6034857]"
1963,[]
1219,"[1029743, 1106523, 1068719, 1070820, 5569230]"
2032,[]
706,"[1087102, 835098, 933835, 1070820, 1040807]"
1673,"[1029743, 1106523, 12301100, 908318, 880150]"
303,"[1004906, 1044078, 8090521, 965766, 1106523]"
729,"[899624, 909714, 874972, 857503, 986912]"
590,"[916122, 863447, 844179, 12810393, 1044078]"
517,"[933835, 872137, 899624, 1070820, 854852]"
1775,"[1126899, 940947, 866211, 1070820, 1029743]"
596,"[1068719, 866211, 1106523, 8090521, 8090537]"
2247,"[1106523, 866211, 832678, 872137, 1087102]"
1066,"[854405, 944534, 999858, 1004906, 1040807]"
676,"[899624, 1106523, 1044078, 986912, 866211]"
1321,"[1044078, 1106523, 893018, 12810393, 1029743]"
1759,"[1044078, 1068719, 5568378, 863447, 880150]"
1961,"[1106523, 1029743, 893018, 852856, 865456]"
2125,"[1029743, 1068719, 976199, 1044078, 857503]"
671,"[1029743, 1056509, 899624, 1070820, 976199]"
460,"[993638, 933835, 986912, 901062, 857503]"
2284,"[872137, 916122, 5585510, 951412, 832678]"
2159,"[999270, 940947, 844179, 910032, 1106523]"
1781,"[852856, 1037840, 1075368, 865334, 986912]"
325,"[1029743, 976199, 1106523, 965766, 983584]"
134,"[865456, 913210, 1068719, 5569230, 834117]"
661,"[986912, 5569230, 899624, 12301100, 916122]"
219,"[1127831, 866211, 899624, 1132771, 5569374]"
1205,"[1029743, 1044078, 1106523, 5585510, 1068719]"
2004,"[916122, 5568378, 944836, 880150, 1137775]"
1684,"[1106523, 852856, 5568729, 940947, 1122358]"
1289,"[1029743, 5569230, 1106523, 865456, 1122358]"
1375,"[1070820, 6034857, 1029743, 1126899, 1081177]"
394,"[854852, 866211, 835098, 901062, 6034857]"
712,"[899624, 1070820, 1029743, 1004906, 866211]"
1917,"[1106523, 1087102, 883003, 5585510, 1044078]"
68,"[12301100, 1029743, 1004906, 957951, 916122]"
1178,"[916122, 1004906, 1029743, 5569230, 1138443]"
1947,"[1126899, 5568378, 907631, 933835, 1040807]"
1548,"[1029743, 907631, 916122, 1044078, 1106523]"
1495,"[986912, 1044078, 1081177, 6034857, 1101010]"
121,"[872137, 899624, 866211, 901062, 909714]"
1270,"[899624, 1004906, 910032, 1106523, 916122]"
1325,"[1137775, 1029743, 1138443, 1132771, 1087102]"
1509,"[1029743, 1087102, 1037840, 1138443, 1042438]"
957,"[1029743, 986912, 852856, 907631, 1043751]"
1285,"[1106523, 5569230, 916122, 910032, 1004906]"
1817,"[916122, 866211, 999270, 844179, 908318]"
2034,"[1126899, 866211, 1127831, 1106523, 5568378]"
58,"[916122, 1068719, 1070820, 1127831, 944836]"
1609,"[909714, 1029743, 933835, 951412, 899624]"
1211,"[8065410, 1000753, 897954, 916122, 872137]"
915,"[1068719, 880150, 863447, 999858, 944534]"
1385,"[1029743, 1068719, 1106523, 1122358, 878996]"
263,"[1029743, 1044078, 999270, 965766, 910032]"
1792,"[1075368, 1106523, 5585510, 8065410, 940947]"
946,"[1068719, 1004906, 1132771, 12301109, 944534]"
1379,"[899624, 916122, 1029743, 910032, 999270]"
2497,"[1029743, 1070820, 1068719, 857503, 838186]"
2312,"[916122, 844179, 909714, 6034857, 1070820]"
1528,"[844179, 1044078, 1029743, 1106523, 916122]"
2252,"[899624, 1029743, 1106523, 1068719, 1044078]"
876,"[916122, 839419, 897954, 885863, 1029743]"
2190,"[1106523, 6034857, 993638, 5568378, 1101010]"
1932,[]
1584,"[899624, 1029743, 1106523, 901062, 1004906]"
1764,"[1087102, 1101010, 878996, 1137775, 1004906]"
803,"[5569230, 1029743, 1050851, 999858, 1106523]"
641,"[1126899, 1070820, 1068719, 878996, 6034857]"
617,[]
421,"[1029743, 976199, 965766, 999270, 913210]"
2386,"[1029743, 976199, 1004906, 965766, 913210]"
109,"[835098, 1105488, 854852, 901062, 866211]"
871,"[1029743, 1105488, 835098, 5569845, 5569374]"
1816,"[1029743, 854852, 999858, 8090532, 916122]"
1451,"[957951, 1068719, 1044078, 1029743, 1070820]"
1773,"[916122, 913210, 5569230, 1056509, 5569471]"
600,"[916122, 1029743, 863447, 1070702, 1106523]"
287,"[1029743, 1044078, 1106523, 12810393, 1068719]"
1650,"[866211, 6034857, 940947, 1081177, 909714]"
1598,"[899624, 1029743, 5568378, 986912, 1044078]"
2335,"[1029743, 1106523, 1070820, 852856, 1037840]"
2083,"[1004906, 976199, 844179, 1070820, 1029743]"
922,"[5569230, 1070820, 1126899, 872137, 834117]"
694,"[1101010, 8090537, 1037840, 1106523, 899624]"
252,[]
40,"[852856, 6034857, 951412, 12301109, 897954]"
523,"[852856, 844179, 857503, 933835, 916122]"
1536,"[1029743, 1075368, 6034857, 1106523, 1068719]"
1291,"[1106523, 1044078, 1132771, 854852, 965766]"
1248,"[1132771, 1138443, 1106523, 971922, 1137775]"
269,"[1004906, 1106523, 863447, 1029743, 1070702]"
2297,"[1126899, 12301100, 985999, 1106523, 1029743]"
1740,"[1112238, 6034857, 1056509, 1075368, 1081177]"
420,[]
1267,"[916122, 1004906, 874972, 1029743, 965766]"
2244,"[1044078, 1029743, 907631, 897954, 1068719]"
2031,[]
1431,"[1132771, 971922, 1087102, 1126899, 1138443]"
1058,"[1106523, 883003, 986912, 1101010, 940947]"
2055,"[5568378, 835098, 965766, 1106523, 5569230]"
1575,"[901062, 993638, 1029743, 1004906, 883003]"
1343,[]
1192,"[986912, 1101010, 883003, 1138443, 1040807]"
1916,"[1068719, 1004906, 1106523, 1029743, 1081177]"
36,"[1029743, 857503, 1024306, 1004906, 909714]"
1756,[]
2229,"[916122, 1068719, 909714, 1081177, 1029743]"
1508,"[1126899, 1122358, 1081177, 951412, 1106523]"
253,"[1044078, 1068719, 1106523, 844179, 913210]"
1995,"[1068719, 916122, 976199, 1029743, 1106523]"
1098,"[1068719, 899624, 1029743, 983584, 901062]"
1864,"[899624, 1024306, 951412, 908318, 909714]"
1901,"[1138443, 899624, 1044078, 1068719, 1004906]"
1476,"[5569230, 857503, 5569471, 1029743, 5585510]"
1197,"[933835, 1029743, 1132771, 1087102, 1137775]"
2378,"[916122, 1029743, 844179, 1044078, 899624]"
52,"[1127831, 1068719, 1081177, 857503, 1070820]"
381,"[1075368, 852856, 1037840, 1029743, 8090537]"
1919,"[1106523, 1029743, 1068719, 1070820, 5568378]"
1785,"[986912, 1126899, 933835, 976199, 1106523]"
1347,"[6034857, 5585510, 1029743, 901062, 909714]"
356,"[834117, 5568729, 838186, 893018, 8090532]"
1884,"[866211, 854852, 901062, 857503, 908318]"
2122,"[1106523, 835098, 854852, 901062, 899624]"
2347,"[5569230, 8090521, 1029743, 857503, 1122358]"
1527,"[1029743, 1068719, 5569471, 866211, 878996]"
2075,"[1029743, 899624, 983584, 1070820, 901062]"
1654,"[1075368, 1037840, 852856, 1126899, 1029743]"
378,"[899624, 916122, 12301100, 944534, 897954]"
1823,"[899624, 916122, 933835, 909714, 854852]"
825,"[854852, 913210, 12810393, 6034857, 1070702]"
1506,"[1004906, 1044078, 12301100, 916122, 999270]"
123,"[1029743, 1070702, 1081177, 916122, 1056509]"
414,"[844179, 1029743, 940947, 12301109, 1070702]"
2481,"[1029743, 1056509, 1087102, 865456, 1132771]"
19,"[1004906, 1044078, 5568378, 1029743, 999270]"
1556,"[1068719, 1044078, 899624, 999270, 857503]"
1590,"[965766, 1081177, 5568378, 933835, 1029743]"
582,"[854852, 866211, 1081177, 1004906, 6034857]"
1466,[]
1818,"[1126899, 986912, 1122358, 1075368, 5569230]"
976,"[933835, 1127831, 866211, 1070820, 5569230]"
164,"[1106523, 1068719, 1029743, 1087102, 5569230]"
88,"[1075368, 5568378, 1044078, 1081177, 893018]"
740,"[899624, 878996, 866211, 1029743, 6034857]"
1206,"[1029743, 1044078, 1132771, 940947, 916122]"
2099,[]
750,"[965766, 907631, 852856, 1029743, 1106523]"
474,"[1106523, 1044078, 1101010, 1012587, 5568378]"
2085,"[1029743, 899624, 5568378, 933835, 1070820]"
59,"[1029743, 976199, 899624, 965766, 983584]"
2183,"[6034857, 857503, 866211, 835098, 1106523]"
2006,"[916122, 1004906, 866211, 857503, 1044078]"
2269,"[5568729, 12301109, 899624, 916122, 6034857]"
2441,"[1029743, 5568378, 1068719, 965766, 1044078]"
49,"[1087102, 883003, 1070820, 933835, 1004906]"
2167,[]
1631,"[1044078, 844179, 1029743, 1004906, 983584]"
1718,"[1029743, 965766, 1070820, 1126899, 983584]"
848,"[1044078, 1042438, 1070820, 878996, 971922]"
131,"[1106523, 5569230, 1029743, 5585510, 1127831]"
46,"[1127831, 899624, 866211, 1029743, 854405]"
817,"[1070820, 866211, 1068719, 901062, 1004906]"
1261,"[986912, 866211, 899624, 1126899, 1106523]"
788,"[1044078, 899624, 1081177, 916122, 1106523]"
256,"[1075368, 5569230, 5568378, 8090521, 965766]"
1234,"[999270, 916122, 866211, 940947, 872137]"
2447,"[1127831, 1004906, 1062002, 1106523, 1068719]"
1844,"[916122, 880150, 944836, 872137, 999858]"
1317,"[1029743, 1106523, 986912, 5568378, 1126899]"
260,"[913210, 854852, 899624, 901062, 1004906]"
580,"[976199, 1044078, 940947, 1029743, 965766]"
1998,"[1106523, 1029743, 1068719, 5568378, 965766]"
714,"[12301109, 899624, 5568378, 866211, 1029743]"
722,"[916122, 1106523, 965766, 857503, 901062]"
1218,"[901062, 916122, 909714, 976199, 1029743]"
2007,"[899624, 1106523, 866211, 12301109, 1029743]"
218,"[6034857, 916122, 1029743, 909714, 835098]"
2017,"[916122, 6034857, 976199, 1004906, 1126899]"
28,"[940947, 951412, 1070820, 872137, 999858]"
1958,"[899624, 866211, 1112238, 901062, 1004906]"
2486,"[916122, 8090521, 1029743, 1068719, 1070702]"
1307,"[1081177, 6034857, 1127831, 899624, 1105488]"
1748,"[916122, 1044078, 12810393, 1106523, 910032]"
934,"[1029743, 1044078, 1106523, 1068719, 899624]"
1619,"[916122, 834117, 854852, 6034857, 1029743]"
493,"[1029743, 5568378, 965766, 1106523, 1068719]"
879,"[1070820, 5568729, 916122, 5569230, 944534]"
1960,"[8065410, 1044078, 899624, 880150, 1070820]"
2056,"[1106523, 8090521, 897954, 12810393, 916122]"
275,"[1106523, 854852, 909714, 863447, 976199]"
1542,"[1004906, 1029743, 965766, 899624, 5569230]"
1824,"[6034857, 1106523, 854852, 1029743, 866211]"
373,[]
2421,"[1068719, 866211, 883003, 5568378, 999104]"
6,"[878996, 12301109, 1024306, 1029743, 916122]"
1636,[]
658,[]
305,"[8090532, 897954, 5568729, 1029743, 1126899]"
2019,"[899624, 1029743, 1044078, 1081177, 1070702]"
787,"[999104, 893018, 832678, 1075368, 872137]"
2368,[]
1768,"[899624, 1029743, 999858, 880150, 1004906]"
1483,"[5569230, 971922, 986912, 933835, 1040807]"
516,"[1106523, 1029743, 965766, 5568378, 1068719]"
1923,"[835098, 854852, 944836, 901062, 866211]"
503,"[1070820, 854852, 866211, 901062, 835098]"
2233,"[1068719, 1081177, 12810393, 909714, 933835]"
867,"[5569230, 986912, 866211, 1075368, 983584]"
1533,"[852856, 1070820, 1126899, 1068719, 1037840]"
630,"[6034857, 916122, 1070820, 909714, 976199]"
1316,"[1029743, 965766, 976199, 1106523, 999270]"
1427,"[1029743, 916122, 854852, 909714, 965766]"
1021,[]
2188,"[1101010, 1106523, 913210, 866211, 933835]"
1858,"[916122, 1004906, 1062002, 1081177, 999104]"
1572,"[1029743, 1070702, 1075368, 1106523, 5569230]"
862,"[965766, 1029743, 1106523, 999270, 940947]"
2375,"[1004906, 965766, 5585510, 8065410, 1029743]"
2091,[]
2387,"[940947, 899624, 1106523, 901062, 863447]"
1062,"[1029743, 965766, 976199, 1106523, 1056509]"
1114,"[1075368, 852856, 1037840, 986912, 865334]"
376,"[1044078, 965766, 844179, 999270, 8065410]"
1969,"[1004906, 1029743, 1106523, 1044078, 916122]"
317,"[12301109, 1029743, 965766, 983584, 1070702]"
1338,"[899624, 1106523, 1056509, 863447, 1029743]"
2025,"[976199, 965766, 907631, 1029743, 865456]"
866,"[1044078, 1106523, 1056509, 983584, 844179]"
184,"[12301109, 1106523, 6034857, 899624, 999858]"
1225,"[1004906, 1068719, 899624, 1029743, 1106523]"
690,"[976199, 1037840, 1029743, 965766, 1081177]"
842,"[1029743, 899624, 5568378, 1068719, 916122]"
2405,"[878996, 899624, 913210, 1029743, 965766]"
2124,"[1106523, 1029743, 8090521, 1126899, 901062]"
1090,"[916122, 965766, 832678, 1044078, 999104]"
1664,"[899624, 8090537, 8090521, 1044078, 976199]"
200,"[5568378, 854852, 1122358, 1126899, 1106523]"
631,"[999270, 852856, 1029743, 883003, 1137775]"
1499,"[940947, 965766, 823704, 1070820, 8065410]"
1353,"[1068719, 1132771, 1106523, 1126899, 1138443]"
1588,"[866211, 901062, 854852, 909714, 835098]"
1705,"[1029743, 1106523, 999270, 940947, 5568378]"
222,"[866211, 878996, 1105488, 993638, 985999]"
1501,"[1070820, 933835, 909714, 857503, 910032]"
539,"[1068719, 976199, 910032, 916122, 999270]"
2245,"[1044078, 1068719, 1004906, 1029743, 1106523]"
991,"[5585510, 1081177, 899624, 6034857, 1105488]"
1831,"[865456, 976199, 901062, 1068719, 857503]"
2110,"[866211, 901062, 1029743, 1106523, 965766]"
705,"[1029743, 854852, 901062, 1004906, 1106523]"
2291,"[1029743, 852856, 1106523, 1037840, 965766]"
518,"[913210, 1029743, 1106523, 6034857, 916122]"
371,"[916122, 844179, 901062, 1004906, 1029743]"
1381,"[957951, 832678, 902172, 1029743, 893018]"
718,"[1029743, 899624, 916122, 1127831, 940947]"
1989,"[835098, 999858, 1044078, 1101010, 940947]"
761,"[976199, 1029743, 1068719, 1106523, 909714]"
1011,"[916122, 883003, 933835, 880150, 12810393]"
1722,"[12301109, 901062, 951412, 1126899, 1068719]"
1434,"[1068719, 1004906, 1075368, 854852, 1044078]"
1922,"[1126899, 1112238, 1132771, 1106523, 5568378]"
510,"[852856, 866211, 1068719, 844179, 1081177]"
2492,"[986912, 1106523, 883003, 1029743, 1087102]"
1081,"[916122, 5569230, 1070702, 1068719, 1087102]"
929,"[1068719, 899624, 1044078, 933835, 986912]"
2310,"[1029743, 863447, 844179, 899624, 999270]"
1927,"[1106523, 916122, 1068719, 1044078, 899624]"
1169,"[899624, 883003, 1138443, 1040807, 1101010]"
55,"[1106523, 1029743, 865456, 8090537, 1075368]"
505,"[1037840, 1075368, 852856, 1106523, 5568378]"
1187,"[1106523, 1044078, 916122, 940947, 1029743]"
1274,"[8090521, 1068719, 5568378, 8090537, 1070820]"
735,"[1106523, 899624, 1029743, 1004906, 1126899]"
1229,"[6034857, 1127831, 933835, 1068719, 909714]"
251,"[916122, 1070820, 1101010, 8090537, 1040807]"
1948,"[1062002, 854852, 1029743, 940947, 5568378]"
2488,"[913210, 865456, 1070820, 933835, 1043751]"
201,"[6034857, 1029743, 863447, 5568378, 838186]"
2108,"[1106523, 1029743, 1068719, 1126899, 5568378]"
731,"[1126899, 1070820, 1106523, 852856, 834117]"
1808,"[1037840, 899624, 976199, 1106523, 852856]"
297,"[854405, 1029743, 907631, 1044078, 5568378]"
908,"[1029743, 916122, 899624, 1068719, 854852]"
526,"[6034857, 5569230, 12301100, 834117, 913210]"
1018,"[838186, 1070820, 872137, 1018740, 834117]"
615,"[971922, 883003, 976199, 933835, 965766]"
1924,"[1029743, 1106523, 907631, 933835, 1101010]"
2149,"[1106523, 1126899, 1081177, 857503, 5568378]"
2498,"[1106523, 1070820, 1126899, 1029743, 5569230]"
2126,"[1068719, 1029743, 854852, 1070820, 1106523]"
748,"[1029743, 1106523, 1126899, 1056509, 1068719]"
409,"[1070702, 999858, 1070820, 1029743, 1068719]"
1742,"[1106523, 1126899, 1068719, 5568378, 1029743]"
69,"[1138443, 1044078, 1004906, 1068719, 866211]"
1068,"[1044078, 1000753, 916122, 985999, 1070702]"
675,"[12301100, 965766, 1106523, 854405, 1004906]"
2080,"[8090521, 1004906, 1044078, 857503, 863447]"
172,"[1075368, 5569230, 1126899, 1070820, 1037840]"
2324,"[1029743, 1044078, 993638, 916122, 883003]"
41,"[12810393, 1126899, 1070820, 909714, 5568729]"
1592,"[823704, 839419, 8065410, 6034857, 940947]"
1829,"[1029743, 999858, 8090537, 916122, 6034857]"
1461,"[1029743, 899624, 866211, 1070702, 1000753]"
1563,"[899624, 1029743, 916122, 1126899, 1004906]"
203,"[940947, 999270, 5568378, 1012587, 1106523]"
2027,"[1068719, 1029743, 1106523, 983584, 965766]"
1369,"[1126899, 999270, 845307, 993638, 1029743]"
1161,"[8090537, 835098, 899624, 901062, 854852]"
2225,"[12301100, 872137, 899624, 865456, 854852]"
2206,"[1070820, 1106523, 872137, 1068719, 983584]"
2407,"[1029743, 1044078, 844179, 976199, 899624]"
1800,"[5568729, 1087102, 1138443, 1137775, 986912]"
1023,"[1105488, 878996, 5568729, 1062002, 5585510]"
289,"[1105488, 901062, 976199, 899624, 866211]"
1850,"[6034857, 1105488, 854852, 1138443, 1070820]"
944,"[1127831, 1101010, 1132771, 1004906, 866211]"
889,"[1068719, 1126899, 8090532, 5569471, 1029743]"
898,"[899624, 1127831, 5569471, 8090521, 916122]"
1175,"[857503, 1126899, 5569471, 1029743, 901062]"
312,"[1042438, 1126899, 5568729, 999104, 986912]"
365,"[901062, 1132771, 12810393, 910032, 854405]"
2100,"[1106523, 1029743, 1068719, 5585510, 866211]"
795,[]
1102,"[1106523, 1044078, 866211, 865456, 1068719]"
1879,"[1101010, 933835, 1040807, 1132771, 1106523]"
2224,"[1070820, 1029743, 1126899, 872137, 5568729]"
1521,[]
2328,"[1127831, 944836, 899624, 916122, 1106523]"
1845,"[1126899, 916122, 976199, 1127831, 901062]"
2115,"[916122, 1127831, 1105488, 1068719, 1070820]"
398,"[957951, 1029743, 1106523, 1075368, 1070820]"
513,"[5569471, 844179, 1132771, 857503, 1018740]"
2451,"[1126899, 1068719, 863447, 872137, 8065410]"
482,[]
1306,"[1029743, 916122, 1068719, 1106523, 1044078]"
786,"[5569230, 1044078, 1106523, 899624, 8090521]"
1272,"[916122, 865456, 854852, 913210, 899624]"
1975,"[883003, 1138443, 5569230, 12301109, 976199]"
941,"[1075368, 8090537, 5568729, 5569230, 8090532]"
2427,"[916122, 866211, 907631, 901062, 845307]"
2259,[]
1645,[]
1970,"[1037840, 852856, 1075368, 1068719, 986912]"
1146,"[1029743, 1068719, 1106523, 5568378, 916122]"
1982,"[6034857, 1068719, 1106523, 1127831, 999270]"
1600,"[907631, 5568378, 913210, 965766, 872137]"
1807,"[1044078, 1029743, 916122, 1068719, 854852]"
214,"[872137, 901062, 999104, 1126899, 913210]"
986,"[916122, 1106523, 1029743, 999858, 883003]"
1595,"[986912, 971922, 933835, 1137775, 1040807]"
2266,"[878996, 993638, 1044078, 866211, 951412]"
1849,"[1029743, 940947, 1070702, 823704, 999270]"
1191,"[857503, 1029743, 899624, 5569230, 901062]"
1612,"[1068719, 6034857, 1029743, 899624, 976199]"
328,"[940947, 863447, 1070820, 878996, 854852]"
2082,"[986912, 832678, 899624, 1044078, 916122]"
349,"[976199, 844179, 965766, 983584, 1029743]"
374,"[1029743, 965766, 835098, 1081177, 866211]"
1835,"[1029743, 933835, 883003, 1137775, 1087102]"
1080,"[899624, 1068719, 897954, 8090537, 1106523]"
1304,"[1029743, 880150, 1106523, 999858, 865456]"
636,"[1029743, 899624, 1106523, 1068719, 1004906]"
2062,"[1004906, 1029743, 1068719, 1070820, 1106523]"
1256,"[933835, 944836, 878996, 854852, 12810393]"
1981,"[1122358, 1126899, 1106523, 1029743, 1070820]"
56,"[5568378, 5569230, 976199, 1004906, 8090537]"
1138,"[957951, 834117, 832678, 838186, 893018]"
1158,"[8090521, 1106523, 1044078, 1101010, 916122]"
2400,"[1044078, 907631, 1029743, 1106523, 916122]"
864,"[8090521, 899624, 1132771, 986912, 1029743]"
1223,"[12301100, 872137, 913210, 999858, 5568729]"
644,"[899624, 12301109, 1068719, 834117, 12810393]"
1428,"[1050851, 1029743, 1068719, 835098, 839419]"
964,"[1106523, 1029743, 1126899, 1070820, 976199]"
875,"[1004906, 1029743, 1068719, 1106523, 1070820]"
983,"[865456, 866211, 965766, 1044078, 913210]"
2478,"[965766, 854852, 902172, 872137, 908318]"
989,"[1029743, 916122, 899624, 933835, 883003]"
1390,"[976199, 916122, 965766, 1070820, 1029743]"
766,"[916122, 1029743, 901062, 863447, 1068719]"
1936,"[1029743, 1068719, 1004906, 1138443, 1106523]"
1798,"[916122, 6034857, 866211, 1029743, 909714]"
1356,"[5569230, 1070820, 1029743, 965766, 976199]"
1732,"[1029743, 916122, 885863, 976199, 993638]"
1359,"[1029743, 916122, 1004906, 883003, 899624]"
334,"[1000753, 1070702, 5569230, 1029743, 8090537]"
953,"[1029743, 5568378, 854405, 999104, 965766]"
1514,"[1081177, 1126899, 878996, 1106523, 965766]"
633,"[1029743, 1075368, 854405, 8090537, 1106523]"
209,"[1132771, 899624, 1044078, 5568378, 1106523]"
127,"[899624, 1029743, 1106523, 865456, 913210]"
221,"[1106523, 1068719, 1029743, 913210, 965766]"
998,"[6034857, 899624, 1068719, 965766, 863447]"
2376,"[5569845, 976199, 5568729, 1105488, 965766]"
230,"[1044078, 1029743, 1004906, 844179, 916122]"
412,"[1029743, 883003, 1068719, 976199, 965766]"
1290,"[1081177, 916122, 1044078, 1106523, 999858]"
709,"[1106523, 1075368, 12810393, 983584, 857503]"
2217,"[1004906, 1029743, 854852, 899624, 901062]"
967,[]
2011,"[1029743, 854852, 1070820, 909714, 1004906]"
468,"[1106523, 866211, 965766, 878996, 1122358]"
911,"[901062, 6034857, 1024306, 909714, 916122]"
1419,"[1106523, 5568378, 976199, 993638, 983584]"
294,"[1029743, 907631, 1106523, 965766, 983584]"
1190,"[8090521, 897954, 12810393, 916122, 944534]"
2343,"[1087102, 1029743, 916122, 965766, 883003]"
605,"[1106523, 1126899, 1068719, 5568378, 1029743]"
2168,"[8090521, 1044078, 916122, 844179, 863447]"
2243,"[899624, 863447, 874972, 854852, 940947]"
2005,"[1106523, 1029743, 1068719, 940947, 5568378]"
2418,"[1029743, 1044078, 965766, 1004906, 986912]"
2087,"[1029743, 6034857, 8090521, 8090537, 976199]"
1672,"[1029743, 1044078, 1106523, 852856, 1068719]"
346,"[1029743, 866211, 1040807, 1101010, 854852]"
1346,"[6034857, 1068719, 857503, 901062, 899624]"
1076,"[999858, 865456, 1075368, 1029743, 1070702]"
2049,"[1106523, 1126899, 852856, 1075368, 1070820]"
302,"[1029743, 872137, 1070820, 976199, 1056509]"
462,"[986912, 1137775, 933835, 916122, 971922]"
1296,"[901062, 908318, 880150, 12810393, 866211]"
2064,"[1081177, 1029743, 933835, 1075368, 872137]"
307,"[899624, 933835, 1004906, 883003, 1101010]"
968,"[916122, 1029743, 1044078, 913210, 965766]"
85,"[1029743, 834117, 5568729, 5569230, 1122358]"
937,"[1126899, 6034857, 5568378, 1081177, 1068719]"
2453,"[1068719, 852856, 976199, 1070820, 1106523]"
2114,"[986912, 933835, 1105488, 1004906, 1081177]"
726,[]
2349,"[1070820, 5568729, 5569230, 940947, 852856]"
2438,"[916122, 866211, 854852, 901062, 844179]"
1507,"[1043751, 866211, 899624, 901062, 854405]"
2008,"[1126899, 857503, 913210, 1106523, 1087102]"
2455,"[1029743, 1068719, 844179, 965766, 933835]"
720,"[854852, 863447, 866211, 899624, 880150]"
1230,"[872137, 913210, 865456, 907631, 902172]"
400,"[899624, 1029743, 913210, 872137, 1056509]"
1569,[]
2466,"[1029743, 1004906, 983584, 965766, 976199]"
97,"[1029743, 999270, 6034857, 1075368, 1087102]"
1337,"[1029743, 1068719, 976199, 983584, 854852]"
637,"[1106523, 5568378, 1037840, 1029743, 8090521]"
2416,"[899624, 976199, 878996, 965766, 1029743]"
2448,"[1004906, 1127831, 12301100, 12301109, 6034857]"
2133,"[866211, 1137775, 1126899, 854852, 12301109]"
575,"[1106523, 832678, 916122, 8090521, 976199]"
2374,"[1068719, 1070820, 1004906, 901062, 933835]"
2207,"[916122, 6034857, 12810393, 1029743, 854852]"
2203,"[852856, 1037840, 1075368, 957951, 5568729]"
282,"[1044078, 880150, 933835, 916122, 971922]"
290,"[1029743, 5568378, 907631, 1012587, 885863]"
1409,"[12810393, 863447, 916122, 893018, 823704]"
1826,"[1029743, 1106523, 976199, 965766, 1068719]"
2163,"[940947, 893018, 872137, 999270, 910032]"
1354,"[965766, 1029743, 1070820, 1106523, 1044078]"
450,"[916122, 976199, 933835, 1106523, 986912]"
520,"[1029743, 834117, 913210, 8090537, 983584]"
1351,"[1075368, 5568729, 852856, 1037840, 8090532]"
1622,"[1029743, 6034857, 1081177, 854852, 1062002]"
1106,"[1106523, 1029743, 1037840, 899624, 1081177]"
1135,"[1106523, 1029743, 965766, 1068719, 1070820]"
362,"[986912, 993638, 976199, 1040807, 1101010]"
1293,"[1044078, 1004906, 880150, 944534, 844179]"
2431,"[1044078, 916122, 899624, 878996, 854852]"
1710,"[1029743, 1106523, 835098, 999104, 1126899]"
1940,"[1044078, 1081177, 1004906, 985999, 986912]"
1939,"[1029743, 1068719, 1087102, 1044078, 993638]"
979,"[899624, 1029743, 5568378, 866211, 1070702]"
1608,[]
947,"[1101010, 1081177, 1040807, 1070820, 1068719]"
1953,"[1050851, 993638, 916122, 883003, 1106523]"
110,"[1106523, 1068719, 1044078, 1029743, 1004906]"
893,"[1106523, 916122, 872137, 1029743, 854405]"
1421,"[1087102, 1043751, 1029743, 8090521, 12301109]"
1440,"[899624, 1106523, 5568378, 844179, 916122]"
1094,"[1029743, 5568378, 899624, 8090521, 933835]"
674,"[1122358, 1029743, 1004906, 878996, 1081177]"
157,"[1029743, 983584, 902172, 999104, 976199]"
2105,[]
1623,"[1068719, 1106523, 1044078, 1101010, 986912]"
2204,"[1044078, 1106523, 5568378, 852856, 1068719]"
2439,"[1029743, 1068719, 976199, 965766, 1106523]"
1314,"[1029743, 976199, 5569845, 940947, 913210]"
1778,"[1029743, 8065410, 823704, 1004906, 999270]"
1012,"[857503, 933835, 865456, 901062, 835098]"
224,"[899624, 1029743, 916122, 1106523, 844179]"
2156,"[1029743, 1122358, 913210, 8090537, 838186]"
951,"[1029743, 823704, 854405, 940947, 1068719]"
92,"[854405, 916122, 6034857, 899624, 1000753]"
826,"[1037840, 852856, 965766, 983584, 1075368]"
2449,"[899624, 1029743, 1004906, 1126899, 933835]"
1543,"[1029743, 1068719, 983584, 976199, 913210]"
1663,"[1029743, 1106523, 1068719, 5569230, 872137]"
1352,"[1004906, 976199, 951412, 965766, 1029743]"
2458,"[1127831, 913210, 1126899, 5569471, 865456]"
1490,"[916122, 863447, 5568378, 1029743, 1070702]"
743,"[866211, 844179, 901062, 1044078, 1081177]"
2262,"[1122358, 1106523, 893018, 854852, 1070820]"
521,"[986912, 883003, 933835, 845307, 1087102]"
2296,"[1029743, 899624, 907631, 1068719, 913210]"
367,"[5568378, 1068719, 852856, 6034857, 823704]"
567,"[1044078, 1106523, 844179, 916122, 1029743]"
1943,"[1068719, 1029743, 897954, 965766, 863447]"
906,"[957951, 834117, 1056509, 916122, 838186]"
1008,"[5568729, 1106523, 1126899, 1029743, 834117]"
1492,"[1068719, 1029743, 965766, 976199, 1004906]"
1843,"[1070820, 1126899, 5568378, 976199, 1106523]"
99,"[916122, 1029743, 6034857, 5568378, 1126899]"
1988,"[1068719, 1106523, 1029743, 844179, 863447]"
2170,"[1106523, 1068719, 1126899, 5568378, 1056509]"
1754,"[5585510, 899624, 916122, 1081177, 1029743]"
755,"[857503, 1137775, 1138443, 1126899, 986912]"
653,"[866211, 5569230, 854852, 999270, 1087102]"
1019,"[854852, 1106523, 899624, 1081177, 866211]"
577,"[1070820, 1126899, 1029743, 872137, 940947]"
1545,"[1106523, 1029743, 1126899, 5569230, 940947]"
2109,"[999270, 1029743, 1106523, 1004906, 823704]"
2271,[]
114,"[1029743, 8090537, 1126899, 940947, 1122358]"
1971,"[1029743, 1106523, 6034857, 866211, 1070820]"
1911,"[1044078, 844179, 835098, 880150, 865456]"
913,"[834117, 1070820, 1029743, 965766, 976199]"
914,"[1106523, 5569230, 834117, 1126899, 8090537]"
1987,"[993638, 1101010, 986912, 8090537, 852856]"
22,"[1070820, 1068719, 944836, 5568729, 835098]"
78,"[835098, 1106523, 899624, 5585510, 1105488]"
2142,"[907631, 1029743, 910032, 913210, 5568729]"
2137,"[965766, 986912, 1068719, 993638, 1029743]"
542,"[1068719, 1106523, 865456, 916122, 965766]"
692,"[1044078, 1029743, 6034857, 909714, 1004906]"
1876,[]
562,"[852856, 1029743, 854405, 999270, 957951]"
57,"[986912, 1081177, 1101010, 6034857, 1040807]"
752,"[8090521, 5568729, 1126899, 893018, 8090537]"
1774,"[1029743, 1106523, 8090521, 8090537, 933835]"
2094,"[1070820, 5569230, 5569374, 1126899, 1106523]"
806,"[839419, 8090532, 901062, 893018, 854405]"
2342,"[1029743, 1068719, 965766, 1137775, 933835]"
673,"[907631, 872137, 865456, 913210, 854405]"
1686,"[986912, 1043751, 993638, 883003, 1101010]"
789,"[986912, 909714, 1056509, 1029743, 952163]"
2336,"[1029743, 965766, 916122, 844179, 5568378]"
1685,"[976199, 1029743, 5568378, 965766, 1126899]"
533,"[1004906, 901062, 899624, 1029743, 1106523]"
1121,"[1029743, 1042438, 1056509, 872137, 5568729]"
936,"[1106523, 1029743, 916122, 899624, 5569230]"
1577,"[1029743, 866211, 901062, 976199, 832678]"
2366,"[1044078, 1029743, 916122, 940947, 1068719]"
632,"[1029743, 899624, 12810393, 1004906, 863447]"
458,"[5569471, 5569230, 899624, 1106523, 8090537]"
2446,"[1087102, 1138443, 971922, 1040807, 1043751]"
193,"[8090537, 1029743, 999270, 1070820, 910032]"
1450,"[6034857, 857503, 1068719, 5568378, 986912]"
2389,"[1029743, 1122358, 893018, 1004906, 12301100]"
1709,"[1004906, 5568729, 1070820, 5569230, 852856]"
1471,"[986912, 1068719, 1029743, 899624, 976199]"
80,"[1029743, 835098, 866211, 844179, 863447]"
1760,"[1029743, 1004906, 983584, 1070820, 965766]"
1481,"[1029743, 1106523, 965766, 910032, 1004906]"
361,"[1044078, 1106523, 976199, 901062, 844179]"
813,"[1050851, 951412, 12301109, 844179, 916122]"
1082,"[1106523, 1004906, 5568378, 863447, 1029743]"
31,"[901062, 866211, 1068719, 1070820, 1004906]"
2226,"[5585510, 899624, 857503, 878996, 5569471]"
961,"[1029743, 1068719, 976199, 1106523, 965766]"
479,"[1004906, 910032, 899624, 865456, 999270]"
960,"[1126899, 1122358, 5569471, 1127831, 1106523]"
2337,"[1106523, 907631, 1044078, 12301109, 874972]"
1336,"[916122, 1132771, 933835, 1029743, 854852]"
1797,"[854852, 1127831, 1105488, 1081177, 1062002]"
1591,"[1068719, 907631, 965766, 854852, 878996]"
2470,"[854852, 901062, 1037840, 899624, 852856]"
654,"[1029743, 1056509, 1068719, 1106523, 983584]"
1154,"[1106523, 983584, 1029743, 1068719, 1056509]"
2029,"[1106523, 1029743, 1126899, 940947, 1068719]"
1266,"[863447, 899624, 1070702, 916122, 1044078]"
647,"[12301100, 899624, 8090537, 8090521, 1087102]"
1513,"[916122, 1029743, 1044078, 976199, 1068719]"
799,"[1122358, 1050851, 976199, 1029743, 854405]"
985,"[1029743, 1004906, 976199, 1106523, 965766]"
158,"[8090537, 865456, 8090521, 1126899, 834117]"
2465,"[986912, 865456, 854405, 1029743, 1004906]"
730,"[1126899, 1029743, 1106523, 1070820, 5569230]"
240,[]
824,"[1106523, 965766, 1068719, 1029743, 976199]"
2131,"[986912, 863447, 838186, 835098, 865456]"
459,"[901062, 909714, 899624, 983584, 913210]"
996,"[1040807, 1043751, 1081177, 1101010, 1029743]"
1271,"[1105488, 1029743, 899624, 878996, 6034857]"
2300,"[12301100, 1029743, 1068719, 965766, 5568729]"
2281,"[1126899, 5569230, 872137, 5569471, 913210]"
883,"[916122, 1029743, 844179, 863447, 857503]"
1723,"[1040807, 1101010, 933835, 986912, 1087102]"
2212,[]
266,"[1126899, 854405, 940947, 1075368, 1070820]"
1057,"[6034857, 5585510, 1126899, 908318, 933835]"
846,"[866211, 883003, 854852, 899624, 1004906]"
1788,"[1029743, 951412, 909714, 5569230, 1062002]"
1130,"[1044078, 1068719, 1004906, 1106523, 883003]"
153,"[897954, 880150, 944534, 916122, 12810393]"
1364,"[1029743, 835098, 854852, 1044078, 916122]"
719,"[1040807, 933835, 1101010, 883003, 1087102]"
1117,"[1081177, 940947, 1029743, 916122, 1004906]"
2257,"[1106523, 1126899, 5568378, 1122358, 1070820]"
1599,"[1068719, 1004906, 863447, 944534, 1044078]"
2123,"[899624, 1029743, 1056509, 5569230, 866211]"
122,"[940947, 1029743, 999270, 983584, 1068719]"
84,"[1004906, 899624, 5569374, 1070820, 1122358]"
306,"[913210, 910032, 933835, 6034857, 865456]"
2129,"[1029743, 1004906, 12301109, 12810393, 1050851]"
1224,"[1029743, 1106523, 965766, 1044078, 1070820]"
1120,"[1029743, 1004906, 965766, 976199, 1070820]"
1872,"[1070820, 1081177, 1126899, 1106523, 852856]"
351,"[1106523, 12301100, 865456, 1029743, 834117]"
1955,"[1004906, 897954, 1050851, 916122, 844179]"
895,"[866211, 999104, 916122, 854852, 901062]"
1473,"[866211, 854852, 1126899, 6034857, 5568729]"
773,"[1106523, 899624, 1004906, 909714, 6034857]"
235,"[1004906, 1068719, 976199, 901062, 916122]"
63,"[5568729, 8090532, 1075368, 1122358, 1042438]"
441,"[12810393, 854852, 6034857, 986912, 1132771]"
1246,"[1126899, 5569230, 835098, 1070820, 899624]"
1245,"[1106523, 854852, 832678, 834117, 1068719]"
2,"[899624, 916122, 1106523, 901062, 866211]"
2393,"[12810393, 12301109, 863447, 913210, 1070702]"
156,"[1106523, 986912, 1029743, 1101010, 1068719]"
1920,"[854852, 1070820, 5569230, 865456, 983584]"
2186,"[1044078, 844179, 1004906, 1068719, 899624]"
798,"[1126899, 834117, 1042438, 1029743, 1070820]"
1630,"[1106523, 1068719, 1126899, 971922, 1018740]"
1752,"[907631, 1106523, 1068719, 8090537, 1044078]"
1703,"[1106523, 1101010, 1029743, 986912, 865456]"
467,"[1106523, 899624, 913210, 865456, 1127831]"
578,"[986912, 834117, 865456, 913210, 1075368]"
1050,"[899624, 1068719, 1106523, 1044078, 863447]"
195,"[1062002, 1029743, 899624, 1004906, 965766]"
757,"[1126899, 852856, 5569230, 1037840, 1075368]"
1857,"[1106523, 1126899, 1070820, 5568378, 1029743]"
1452,"[1106523, 1029743, 1044078, 916122, 1068719]"
2016,[]
1900,"[1087102, 883003, 885863, 1018740, 933835]"
2039,[]
115,"[910032, 983584, 832678, 1070820, 999270]"
935,[]
2377,"[863447, 899624, 986912, 880150, 866211]"
1078,"[878996, 1106523, 1126899, 1029743, 965766]"
869,"[1068719, 1070820, 1106523, 1029743, 1126899]"
142,"[1029743, 940947, 983584, 1070820, 999270]"
1607,"[1138443, 1040807, 986912, 1101010, 1132771]"
2077,"[1106523, 916122, 844179, 901062, 863447]"
1812,"[1029743, 1044078, 1070820, 985999, 1126899]"
807,"[6034857, 1029743, 1126899, 12810393, 854852]"
1880,"[852856, 1106523, 940947, 1037840, 1029743]"
554,"[1106523, 901062, 909714, 1070820, 857503]"
1480,"[1029743, 965766, 976199, 1068719, 983584]"
2361,"[1126899, 1044078, 12810393, 916122, 902172]"
852,"[1068719, 1126899, 1070820, 1029743, 1106523]"
199,"[1132771, 8090537, 854405, 1138443, 1087102]"
24,"[986912, 1106523, 1132771, 983584, 1029743]"
1999,"[986912, 832678, 885863, 993638, 899624]"
369,"[999858, 12810393, 844179, 1044078, 940947]"
1793,[]
652,"[832678, 854405, 838186, 5569230, 865456]"
1399,"[6034857, 1126899, 1004906, 909714, 854852]"
2046,"[1037840, 852856, 1075368, 865334, 1068719]"
1014,"[976199, 965766, 1029743, 1075368, 1070820]"
1731,"[1044078, 6034857, 1087102, 885863, 5568378]"
1395,"[1126899, 8090537, 1106523, 5569230, 1070820]"
1186,"[6034857, 5569471, 872137, 1024306, 1127831]"
2047,"[933835, 901062, 8090537, 874972, 985999]"
2010,"[965766, 976199, 1029743, 940947, 983584]"
556,[]
226,"[1029743, 1106523, 976199, 965766, 5568378]"
1549,"[986912, 1106523, 1122358, 1029743, 1068719]"
1413,"[1029743, 1044078, 976199, 965766, 916122]"
887,"[865456, 899624, 854852, 880150, 1029743]"
973,"[866211, 1127831, 1056509, 1105488, 878996]"
1633,"[899624, 1029743, 916122, 1004906, 6034857]"
1692,"[1029743, 1106523, 1081177, 5568378, 899624]"
2345,"[965766, 1106523, 916122, 999270, 983584]"
103,"[1106523, 1029743, 5568378, 965766, 1068719]"
2036,"[1126899, 1106523, 854852, 1029743, 878996]"
329,"[1105488, 878996, 1127831, 901062, 854852]"
236,"[1126899, 1070820, 8090521, 8090537, 5569230]"
868,"[834117, 1056509, 835098, 1070820, 1138443]"
776,"[907631, 12810393, 1106523, 999858, 852856]"
1873,"[12810393, 1106523, 1044078, 965766, 976199]"
332,"[1044078, 1068719, 1004906, 1029743, 12301109]"
202,"[1029743, 1068719, 1106523, 1056509, 1070820]"
2290,"[933835, 883003, 940947, 993638, 852856]"
2392,"[965766, 5568378, 1068719, 976199, 1029743]"
2425,"[986912, 6034857, 1068719, 1044078, 976199]"
1332,"[916122, 880150, 986912, 12810393, 999858]"
931,"[1126899, 1029743, 1068719, 12301100, 1040807]"
1517,"[1044078, 866211, 1070820, 910032, 857503]"
1210,"[1070820, 1106523, 1068719, 1029743, 1126899]"
685,"[1044078, 1004906, 863447, 916122, 844179]"
1300,"[1106523, 1126899, 1044078, 1081177, 1138443]"
1726,"[1029743, 1126899, 866211, 854852, 878996]"
816,"[1075368, 901062, 940947, 852856, 866211]"
2141,"[933835, 899624, 1070820, 883003, 971922]"
959,"[1106523, 1029743, 857503, 901062, 6034857]"
2068,"[1070820, 1004906, 1126899, 965766, 1029743]"
1716,"[852856, 1126899, 880150, 1037840, 12301109]"
1255,"[940947, 965766, 910032, 1070820, 872137]"
796,"[1029743, 976199, 965766, 1004906, 1044078]"
650,[]
1043,[]
1814,"[5568729, 5569845, 1075368, 1037840, 8090532]"
75,"[907631, 8090532, 5569471, 5568729, 872137]"
2200,"[899624, 916122, 844179, 897954, 999858]"
65,"[965766, 1044078, 1070820, 986912, 8090521]"
387,"[916122, 1126899, 854852, 897954, 1122358]"
1374,"[1004906, 944534, 916122, 897954, 944836]"
10,[]
2095,"[986912, 1068719, 1101010, 883003, 1126899]"
25,"[5568378, 1029743, 866211, 901062, 940947]"
764,"[1029743, 878996, 909714, 854852, 863447]"
1133,"[1029743, 916122, 866211, 1004906, 899624]"
469,"[901062, 933835, 878996, 951412, 1087102]"
1269,"[933835, 899624, 1029743, 965766, 852856]"
1443,"[1070820, 5569471, 5569230, 1126899, 1075368]"
2381,"[916122, 5568378, 897954, 844179, 866211]"
583,"[8090521, 1056509, 8090537, 1106523, 5569230]"
745,"[854852, 835098, 866211, 901062, 857503]"
380,"[899624, 1106523, 1012587, 1004906, 965766]"
574,"[1029743, 854405, 983584, 863447, 907631]"
829,"[1029743, 933835, 1137775, 883003, 993638]"
790,"[5569230, 852856, 1075368, 1126899, 986912]"
2395,"[1029743, 993638, 5569230, 916122, 1106523]"
1950,"[1087102, 1081177, 1106523, 1029743, 883003]"
2182,"[844179, 854852, 1044078, 899624, 1068719]"
405,"[1101010, 1087102, 899624, 986912, 916122]"
2289,"[1029743, 976199, 965766, 913210, 1106523]"
1430,"[899624, 976199, 1132771, 1068719, 5569230]"
2424,"[1029743, 6034857, 844179, 1004906, 965766]"
2372,"[1029743, 1037840, 5569471, 8090532, 5569230]"
527,"[933835, 976199, 865456, 965766, 971922]"
1677,"[965766, 5568378, 1029743, 866211, 8090521]"
881,[]
174,[]
1546,"[1132771, 965766, 907631, 933835, 1029743]"
205,"[5569230, 916122, 1106523, 1004906, 1068719]"
859,"[1075368, 1132771, 5569230, 1101010, 832678]"
1423,"[983584, 852856, 1029743, 965766, 1070820]"
1045,"[1029743, 1068719, 965766, 834117, 883003]"
1540,"[832678, 838186, 893018, 834117, 957951]"
1525,"[1029743, 965766, 976199, 1068719, 899624]"
1567,"[1068719, 835098, 863447, 993638, 910032]"
1701,[]
667,"[12301100, 1029743, 1040807, 1106523, 986912]"
2298,"[12301100, 916122, 1029743, 910032, 863447]"
1249,"[854405, 1106523, 844179, 916122, 832678]"
1576,"[1029743, 1101010, 986912, 1070820, 1070702]"
98,"[916122, 844179, 993638, 866211, 1122358]"
2270,"[1044078, 993638, 1138443, 1106523, 1029743]"
655,"[1044078, 5568378, 1029743, 1056509, 12810393]"
1077,"[1029743, 832678, 835098, 893018, 854852]"
1176,[]
1238,[]
322,"[1004906, 1029743, 1070820, 899624, 983584]"
1470,"[1068719, 1029743, 1070820, 1087102, 1106523]"
1906,"[844179, 1044078, 872137, 12301109, 1070702]"
417,"[12301109, 1004906, 1087102, 1044078, 1040807]"
1303,"[1029743, 976199, 857503, 913210, 8090521]"
1815,"[1029743, 899624, 6034857, 1068719, 1004906]"
1284,"[899624, 1044078, 1068719, 1106523, 823704]"
878,"[1029743, 940947, 8065410, 999270, 1106523]"
1282,"[899624, 1106523, 1068719, 1044078, 863447]"
449,"[834117, 872137, 8090537, 8090532, 1106523]"
2293,"[5569230, 5568729, 1126899, 5569845, 834117]"
587,"[983584, 965766, 872137, 865456, 976199]"
952,"[1029743, 1075368, 1106523, 976199, 1126899]"
1283,"[999270, 940947, 1004906, 1029743, 1081177]"
1247,"[916122, 899624, 909714, 897954, 944534]"
1335,"[878996, 986912, 854852, 883003, 872137]"
1945,"[1029743, 965766, 983584, 976199, 999104]"
347,[]
897,"[1029743, 1081177, 1075368, 1004906, 852856]"
2020,"[1029743, 986912, 1068719, 878996, 834117]"
1847,"[1070820, 5569230, 1029743, 983584, 940947]"
1848,"[986912, 5569230, 1138443, 872137, 1075368]"
1464,"[916122, 6034857, 863447, 880150, 844179]"
540,"[916122, 1068719, 6034857, 951412, 1126899]"
1836,"[1081177, 6034857, 852856, 1126899, 1037840]"
1088,"[1106523, 1029743, 965766, 1068719, 907631]"
2158,"[999270, 965766, 1029743, 6034857, 1068719]"
434,"[1068719, 12301100, 940947, 916122, 1070702]"
14,"[1106523, 1029743, 1068719, 976199, 965766]"
831,"[916122, 899624, 844179, 5568378, 1070702]"
2314,"[854852, 916122, 933835, 985999, 1040807]"
660,"[916122, 1126899, 965766, 1122358, 1044078]"
1027,"[1040807, 1132771, 1126899, 899624, 986912]"
1241,[]
413,"[986912, 1106523, 5569230, 1138443, 1029743]"
2059,[]
2193,"[5568378, 965766, 1070820, 866211, 913210]"
1642,"[916122, 1106523, 1029743, 854852, 1070820]"
1185,"[1106523, 5568378, 1132771, 863447, 1029743]"
1914,"[1106523, 5568378, 1075368, 1068719, 1037840]"
1559,"[854852, 866211, 835098, 857503, 901062]"
700,"[1000753, 1044078, 916122, 999858, 874972]"
271,"[1132771, 1087102, 1137775, 933835, 883003]"
2012,"[1068719, 916122, 1106523, 863447, 5568378]"
2196,"[1029743, 1004906, 1068719, 999270, 1106523]"
2261,"[1122358, 1044078, 12301109, 916122, 999858]"
2494,"[1004906, 971922, 1087102, 986912, 1132771]"
808,"[1029743, 986912, 1070820, 1106523, 899624]"
491,"[1056509, 976199, 951412, 1106523, 965766]"
1387,"[899624, 916122, 844179, 944534, 863447]"
395,"[986912, 1029743, 1101010, 933835, 1106523]"
136,"[8090537, 1106523, 8090521, 5569230, 5568378]"
2440,"[874972, 1044078, 916122, 1029743, 1000753]"
141,[]
2213,"[852856, 1122358, 1075368, 1126899, 1042438]"
2302,"[1004906, 1044078, 1029743, 999858, 1106523]"
2344,"[854852, 1029743, 883003, 1106523, 933835]"
648,"[899624, 854852, 1004906, 901062, 839419]"
185,"[838186, 834117, 957951, 893018, 999270]"
1097,"[1106523, 1105488, 857503, 1029743, 913210]"
94,"[976199, 965766, 1126899, 909714, 834117]"
586,"[1029743, 916122, 910032, 907631, 1004906]"
1134,"[1029743, 916122, 1070820, 901062, 965766]"
487,"[865456, 957951, 902172, 5568378, 999104]"
543,"[8090521, 844179, 8090537, 916122, 893018]"
733,"[5569471, 899624, 1106523, 866211, 901062]"
188,"[1029743, 1106523, 1068719, 976199, 907631]"
1007,"[899624, 852856, 1004906, 901062, 965766]"
82,"[880150, 916122, 897954, 863447, 844179]"
1737,"[916122, 901062, 899624, 1004906, 944534]"
51,"[1029743, 965766, 1132771, 1070820, 933835]"
2038,"[883003, 1138443, 971922, 1132771, 1137775]"
2221,"[1070820, 901062, 866211, 1068719, 1004906]"
1758,"[899624, 1126899, 1106523, 986912, 1138443]"
2111,"[1106523, 5568729, 838186, 834117, 1070820]"
1990,"[1029743, 976199, 1081177, 1024306, 1126899]"
192,"[5569230, 1029743, 1056509, 940947, 1004906]"
1520,"[1029743, 899624, 6034857, 901062, 1106523]"
1968,"[1106523, 1029743, 1068719, 880150, 12810393]"
2331,"[1029743, 1044078, 854405, 835098, 933835]"
1494,"[1068719, 899624, 1044078, 1004906, 1106523]"
364,[]
1925,"[1000753, 1029743, 901062, 866211, 1126899]"
857,"[8090509, 1044078, 866211, 1004906, 5569230]"
273,"[1106523, 1068719, 865456, 12301109, 1029743]"
1511,"[1029743, 1106523, 907631, 1068719, 5569230]"
2139,"[1106523, 1068719, 1070820, 1126899, 1029743]"
384,"[854405, 1029743, 1075368, 1004906, 852856]"
1665,"[1029743, 1068719, 940947, 1106523, 880150]"
198,"[899624, 1106523, 1012587, 1070702, 1068719]"
624,"[1044078, 899624, 1106523, 916122, 907631]"
1217,"[1075368, 1029743, 1004906, 866211, 1044078]"
1312,[]
276,"[1029743, 1070702, 8090521, 5568729, 944534]"
1611,"[1037840, 1075368, 5569845, 5568729, 852856]"
1865,"[1126899, 1070820, 854405, 5569230, 872137]"
438,"[899624, 6034857, 1029743, 8065410, 1062002]"
2134,"[863447, 899624, 844179, 916122, 999858]"
1093,"[899624, 1004906, 909714, 908318, 838186]"
1753,"[986912, 971922, 8090537, 8090521, 1106523]"
1537,"[1029743, 1106523, 1068719, 1070820, 976199]"
210,"[899624, 1068719, 6034857, 1004906, 1106523]"
128,"[1029743, 1106523, 1004906, 878996, 1081177]"
1539,"[1075368, 1037840, 865334, 852856, 1068719]"
190,[]
283,"[854405, 916122, 907631, 940947, 993638]"
971,"[866211, 1081177, 854852, 1075368, 1126899]"
259,"[5568729, 1106523, 8090537, 5568378, 8090521]"
354,"[910032, 916122, 940947, 1056509, 832678]"
77,"[916122, 1126899, 857503, 899624, 901062]"
1954,"[1029743, 1044078, 1004906, 1081177, 1068719]"
926,"[1138443, 1070820, 835098, 854852, 1126899]"
15,"[852856, 1029743, 1070820, 976199, 965766]"
2273,"[5568378, 1106523, 1126899, 965766, 5569230]"
1776,"[1004906, 901062, 1029743, 899624, 1081177]"
9,"[1029743, 857503, 901062, 1004906, 6034857]"
2292,"[1029743, 865456, 1056509, 913210, 976199]"
1001,"[12301109, 1126899, 834117, 893018, 965766]"
62,"[12810393, 12301100, 12301109, 899624, 6034857]"
2256,"[1070820, 1126899, 976199, 965766, 1029743]"
2120,"[12301109, 899624, 5569230, 6034857, 12301100]"
727,"[1122358, 5568729, 854405, 916122, 1004906]"
1979,"[1029743, 1004906, 1106523, 1081177, 1070820]"
1949,"[1044078, 874972, 1127831, 5585510, 1004906]"
327,[]
1568,"[1106523, 899624, 1050851, 999270, 1004906]"
1333,"[909714, 1126899, 983584, 852856, 1070820]"
2231,"[854405, 1024306, 944836, 1127831, 1062002]"
1260,"[852856, 909714, 1127831, 1042438, 1062002]"
2325,[]
1207,"[1068719, 1029743, 976199, 983584, 1075368]"
392,"[916122, 940947, 901062, 1081177, 999104]"
1264,"[5569230, 899624, 852856, 916122, 8090537]"
924,"[1029743, 1050851, 1106523, 1070820, 983584]"
1227,"[1070702, 5568378, 1029743, 1106523, 940947]"
2135,"[986912, 933835, 899624, 993638, 832678]"
343,"[5568378, 1106523, 8090537, 1075368, 1029743]"
1160,"[12301100, 1044078, 1106523, 5568378, 1068719]"
1167,"[866211, 1070820, 12810393, 940947, 1062002]"
281,"[854852, 999104, 1070820, 1081177, 983584]"
2071,"[899624, 933835, 1068719, 8090537, 965766]"
2040,"[1029743, 1037840, 852856, 1075368, 1106523]"
943,"[1106523, 1029743, 1068719, 5568378, 8090521]"
1976,"[1068719, 1106523, 1101010, 1029743, 916122]"
955,"[1044078, 5568378, 1106523, 844179, 832678]"
1000,"[986912, 6034857, 854852, 1081177, 1068719]"
1926,"[1068719, 1029743, 1070702, 1070820, 916122]"
1085,"[1029743, 1070702, 874972, 852856, 983584]"
1041,"[1106523, 1029743, 5568378, 899624, 1068719]"
1634,"[1138443, 1029743, 1044078, 1070820, 907631]"
427,"[1004906, 899624, 983584, 8090509, 5569845]"
2234,"[844179, 1004906, 880150, 854852, 8065410]"
1965,"[874972, 893018, 1070820, 863447, 1106523]"
2339,[]
568,"[1106523, 5568378, 1012587, 957951, 5585510]"
1329,"[866211, 986912, 933835, 854852, 835098]"
1805,"[852856, 1037840, 1075368, 986912, 6034857]"
1541,"[916122, 1029743, 844179, 940947, 5568378]"
324,"[857503, 901062, 854852, 866211, 1081177]"
1596,"[933835, 1029743, 965766, 1106523, 1070820]"
741,"[916122, 976199, 852856, 999858, 1112238]"
2370,"[899624, 863447, 897954, 1070820, 916122]"
1657,"[1106523, 1029743, 5568378, 1068719, 1126899]"
1585,"[1126899, 5569471, 854852, 5568729, 1070820]"
1962,"[854852, 913210, 1056509, 1004906, 908318]"
1928,"[1070820, 983584, 1029743, 940947, 965766]"
390,"[5569230, 993638, 832678, 872137, 1018740]"
2308,[]
2299,"[916122, 878996, 1044078, 854852, 1105488]"
1226,"[866211, 986912, 940947, 834117, 916122]"
1426,"[8090537, 5568378, 1029743, 8090521, 999270]"
1384,"[1004906, 999270, 880150, 985999, 899624]"
1127,"[852856, 1037840, 1075368, 5568729, 5569230]"
2121,"[8090537, 1106523, 6034857, 8090521, 835098]"
1129,"[1126899, 909714, 854852, 1029743, 1081177]"
2456,"[951412, 1004906, 901062, 1029743, 976199]"
2030,"[1043751, 1040807, 1087102, 971922, 993638]"
342,"[1029743, 1070702, 1000753, 899624, 1004906]"
183,"[1087102, 1138443, 1132771, 1101010, 1018740]"
767,"[986912, 933835, 883003, 993638, 885863]"
1139,"[1004906, 854852, 872137, 899624, 901062]"
2279,"[8090537, 940947, 8090521, 1106523, 1029743]"
258,"[993638, 1004906, 899624, 907631, 1029743]"
26,"[1004906, 899624, 976199, 999270, 901062]"
291,"[899624, 1106523, 901062, 1029743, 1004906]"
2175,[]
1912,"[1029743, 1044078, 999270, 880150, 1106523]"
687,"[1106523, 1029743, 844179, 965766, 5569230]"
2176,[]
1493,"[1029743, 1056509, 1106523, 999104, 5568378]"
2214,"[1126899, 852856, 872137, 1106523, 1070820]"
854,"[1029743, 965766, 1106523, 976199, 983584]"
552,"[1044078, 907631, 1042438, 916122, 944534]"
622,"[1029743, 1106523, 986912, 1138443, 993638]"
919,"[1044078, 1029743, 1081177, 1106523, 1068719]"
43,"[1106523, 1029743, 1068719, 1126899, 1070820]"
974,[]
1801,"[5568729, 839419, 5568378, 1126899, 834117]"
1109,"[899624, 1004906, 1070820, 1068719, 1029743]"
1680,"[986912, 1029743, 1044078, 916122, 1068719]"
2033,"[899624, 1068719, 965766, 835098, 1105488]"
160,"[933835, 1070820, 883003, 1087102, 1101010]"
2280,"[933835, 1138443, 1137775, 1106523, 1070820]"
1071,"[1106523, 1068719, 1044078, 897954, 999858]"
1957,"[1029743, 854405, 907631, 885863, 1040807]"
1750,[]
2222,[]
1904,"[1029743, 976199, 1068719, 1056509, 965766]"
1896,"[1075368, 1029743, 854405, 5569230, 1037840]"
2211,"[1126899, 5569471, 1029743, 8090537, 1132771]"
2058,"[6034857, 1068719, 5569471, 1062002, 872137]"
1881,"[901062, 913210, 976199, 1029743, 986912]"
2461,"[909714, 986912, 854852, 908318, 1101010]"
1890,"[916122, 933835, 1126899, 883003, 863447]"
53,"[854405, 6034857, 1087102, 5569471, 5569230]"
138,"[854852, 8090537, 1106523, 8090521, 1138443]"
2319,"[1037840, 1081177, 1126899, 1106523, 1068719]"
1899,"[1029743, 999270, 866211, 1122358, 1040807]"
2499,"[5568378, 899624, 1070820, 1081177, 1106523]"
1132,"[1106523, 1044078, 1004906, 901062, 1000753]"
810,"[993638, 986912, 933835, 883003, 1101010]"
1047,"[12810393, 899624, 844179, 1004906, 863447]"
608,"[1106523, 907631, 1081177, 854852, 899624]"
2136,"[901062, 965766, 866211, 976199, 1004906]"
466,"[1044078, 893018, 1029743, 1004906, 999270]"
1067,"[1029743, 1068719, 1126899, 986912, 5568729]"
330,"[1004906, 866211, 899624, 1029743, 1044078]"
820,"[1106523, 1037840, 1075368, 8090537, 1122358]"
402,"[854852, 901062, 835098, 899624, 909714]"
1487,"[12810393, 5569230, 940947, 1029743, 832678]"
1258,"[1132771, 901062, 852856, 1122358, 1056509]"
753,"[1029743, 1126899, 976199, 902172, 5568378]"
1649,"[916122, 854852, 866211, 1106523, 999104]"
1092,"[1029743, 1106523, 1126899, 1000753, 1068719]"
1810,"[1029743, 1068719, 883003, 933835, 1056509]"
856,"[1029743, 1068719, 916122, 944534, 1070820]"
1194,"[1044078, 1000753, 993638, 1106523, 1004906]"
1846,"[965766, 916122, 1029743, 976199, 1106523]"
1745,"[1029743, 1106523, 1056509, 1122358, 999270]"
1458,"[976199, 1105488, 965766, 1029743, 1068719]"
1769,"[1029743, 8090537, 1126899, 1106523, 933835]"
845,"[897954, 8090537, 872137, 901062, 866211]"
1195,"[854405, 839419, 965766, 976199, 899624]"
338,"[1068719, 1029743, 901062, 1004906, 899624]"
754,"[901062, 899624, 933835, 1070820, 854852]"
1594,"[865456, 1029743, 1068719, 1106523, 1081177]"
666,"[1106523, 1029743, 965766, 1081177, 1004906]"
691,"[1029743, 1106523, 999270, 940947, 8090532]"
1687,"[12301109, 1070702, 965766, 835098, 1126899]"
2155,[]
640,[]
1641,[]
39,"[1044078, 857503, 1126899, 1029743, 913210]"
350,"[899624, 1044078, 907631, 1087102, 1132771]"
132,"[854405, 854852, 1126899, 993638, 933835]"
1145,"[986912, 1106523, 1101010, 1087102, 1040807]"
318,"[5569230, 1106523, 5568378, 1126899, 1070820]"
265,"[1029743, 899624, 983584, 1042438, 865456]"
1693,"[1126899, 909714, 1068719, 951412, 985999]"
1318,"[5569230, 5569845, 5569374, 8090532, 8090537]"
1531,"[872137, 986912, 832678, 1075368, 913210]"
2028,"[5568378, 5569230, 839419, 8090509, 8090532]"
7,"[1106523, 1126899, 993638, 1122358, 909714]"
425,"[1044078, 1106523, 1070820, 1029743, 910032]"
2239,"[8065410, 940947, 1068719, 5568729, 1056509]"
965,"[12301100, 844179, 5569230, 1122358, 1106523]"
992,"[909714, 1037840, 834117, 5569230, 1075368]"
725,"[899624, 1106523, 5568378, 893018, 863447]"
681,"[909714, 899624, 872137, 863447, 844179]"
124,[]
495,"[1029743, 913210, 976199, 965766, 1004906]"
410,"[1029743, 999858, 916122, 944534, 1044078]"
280,"[1029743, 1044078, 916122, 1106523, 999270]"
1532,"[832678, 872137, 865456, 965766, 838186]"
406,"[957951, 1126899, 857503, 854852, 834117]"
1488,"[1068719, 1126899, 1132771, 5568378, 857503]"
1791,"[916122, 880150, 1044078, 1029743, 944836]"
1993,"[1106523, 1126899, 8090537, 5568378, 1070820]"
978,"[1070820, 916122, 1106523, 1029743, 866211]"
1198,"[1029743, 1126899, 1070820, 965766, 1106523]"
227,"[1068719, 1106523, 1029743, 865456, 834117]"
1089,"[1029743, 976199, 1068719, 1070820, 852856]"
1370,"[12810393, 8090521, 1070702, 1106523, 899624]"
1363,"[1132771, 1029743, 866211, 1070702, 933835]"
1895,"[1044078, 916122, 844179, 907631, 865456]"
2408,"[1029743, 878996, 1101010, 883003, 1138443]"
1136,"[1106523, 907631, 5568378, 6034857, 983584]"
1141,"[907631, 983584, 1029743, 1106523, 965766]"
1697,"[1044078, 1029743, 985999, 976199, 1106523]"
2472,"[5568729, 5569230, 1122358, 5569471, 5569845]"
2338,"[1126899, 1106523, 1101010, 986912, 5568378]"
1652,"[852856, 5568378, 1126899, 1037840, 1075368]"
1526,"[6034857, 899624, 986912, 8090537, 1126899]"
1959,[]
314,"[854405, 844179, 893018, 999858, 1044078]"
1822,"[1029743, 1070702, 1106523, 999858, 1068719]"
1997,"[986912, 916122, 1126899, 893018, 5569230]"
2452,"[1106523, 5568378, 1081177, 1126899, 6034857]"
1294,"[916122, 1126899, 913210, 1081177, 897954]"
698,"[1106523, 5568378, 965766, 1068719, 1029743]"
670,"[1029743, 857503, 971922, 1087102, 885863]"
1429,"[1126899, 1070820, 5568378, 1106523, 8090537]"
939,"[1029743, 1044078, 1106523, 1068719, 940947]"
2171,"[986912, 823704, 5568378, 854405, 1029743]"
2041,"[872137, 899624, 854405, 1070820, 854852]"
1708,"[1029743, 878996, 5569230, 874972, 872137]"
1632,[]
609,"[983584, 965766, 1075368, 976199, 1070820]"
288,"[909714, 854852, 899624, 1106523, 901062]"
2445,"[933835, 883003, 844179, 993638, 1068719]"
1885,"[909714, 976199, 1081177, 901062, 1004906]"
232,"[1106523, 1029743, 907631, 1068719, 913210]"
886,"[1070820, 986912, 1029743, 5568729, 1137775]"
930,"[899624, 976199, 965766, 1004906, 908318]"
1149,"[899624, 1004906, 1029743, 854852, 908318]"
1319,"[5569845, 880150, 1029743, 916122, 944534]"
2240,"[5568378, 1106523, 866211, 1029743, 6034857]"
2295,"[899624, 1106523, 1068719, 1044078, 854405]"
909,"[976199, 1044078, 834117, 965766, 1029743]"
2464,"[1037840, 852856, 1075368, 865334, 986912]"
2063,"[1127831, 839419, 1070702, 866211, 986912]"
903,[]
30,"[1029743, 899624, 1004906, 1068719, 5585510]"
135,"[872137, 1070820, 865456, 854405, 1126899]"
1806,"[1029743, 1126899, 1106523, 5568378, 916122]"
241,"[12301109, 857503, 899624, 854852, 901062]"
2394,"[5568729, 908318, 1081177, 1126899, 1106523]"
1689,"[1000753, 965766, 1029743, 913210, 976199]"
2404,"[8090532, 5568729, 940947, 957951, 834117]"
684,"[965766, 863447, 913210, 872137, 976199]"
2434,"[12301109, 1044078, 12301100, 985999, 940947]"
2021,"[1044078, 1004906, 1029743, 899624, 1068719]"
997,"[1070820, 999858, 1126899, 940947, 1029743]"
531,[]
1747,"[1068719, 854405, 1029743, 1137775, 1087102]"
1966,"[1004906, 916122, 909714, 944836, 999104]"
1204,"[1106523, 933835, 1087102, 1037840, 1029743]"
570,[]
781,"[854405, 872137, 12810393, 916122, 854852]"
611,"[1126899, 1106523, 1075368, 857503, 909714]"
1690,"[863447, 916122, 1068719, 880150, 1029743]"
1362,"[986912, 1105488, 5585510, 1081177, 1040807]"
2235,"[916122, 863447, 1070820, 1043751, 1126899]"
1983,"[866211, 908318, 1024306, 909714, 901062]"
1408,[]
1796,"[1029743, 965766, 1037840, 852856, 999104]"
1624,"[5569230, 986912, 1068719, 993638, 933835]"
1060,"[1075368, 865334, 1029743, 1037840, 976199]"
1462,"[1127831, 909714, 12810393, 1062002, 916122]"
1310,"[940947, 823704, 872137, 999270, 838186]"
544,"[1106523, 1068719, 976199, 965766, 1029743]"
1360,[]
2181,"[1137775, 933835, 1126899, 1106523, 5569230]"
393,"[1029743, 899624, 1068719, 999270, 1044078]"
1909,[]
716,"[6034857, 857503, 909714, 1138443, 901062]"
2388,"[1106523, 863447, 933835, 999270, 1029743]"
993,"[1101010, 933835, 993638, 971922, 986912]"
1485,"[1106523, 986912, 971922, 1040807, 933835]"
1024,"[1070702, 933835, 1056509, 940947, 1040807]"
1763,"[1037840, 1106523, 1029743, 916122, 1004906]"
502,"[1068719, 1029743, 907631, 965766, 976199]"
2276,"[1106523, 1029743, 1068719, 1126899, 1070820]"
2260,"[872137, 913210, 893018, 834117, 957951]"
143,"[999270, 1029743, 1106523, 910032, 965766]"
1614,"[1068719, 1106523, 5568378, 1029743, 872137]"
847,"[1068719, 1004906, 976199, 1029743, 899624]"
480,"[1068719, 1070820, 1004906, 857503, 1127831]"
1152,"[5569471, 1126899, 1070820, 1029743, 852856]"
1288,"[1081177, 1029743, 897954, 854852, 1106523]"
2185,"[852856, 1075368, 1037840, 986912, 6034857]"
1715,"[1126899, 951412, 6034857, 854852, 908318]"
1373,"[6034857, 1081177, 1105488, 5585510, 940947]"
2090,"[1126899, 5569230, 1106523, 1068719, 852856]"
1278,[]
1738,"[5568729, 1040807, 1106523, 1126899, 1132771]"
242,"[1029743, 1044078, 854852, 1138443, 12810393]"
1405,"[893018, 933835, 835098, 854405, 844179]"
591,"[916122, 1106523, 1029743, 854852, 1004906]"
880,"[5568378, 907631, 965766, 976199, 983584]"
801,"[1068719, 976199, 1040807, 1138443, 844179]"
1918,"[1126899, 901062, 872137, 866211, 6034857]"
2359,"[1106523, 1029743, 1070820, 1068719, 1126899]"
429,"[1029743, 899624, 1004906, 1068719, 1081177]"
21,"[1029743, 6034857, 1004906, 1044078, 940947]"
443,"[899624, 866211, 1106523, 983584, 1029743]"
477,[]
2282,"[1068719, 872137, 6034857, 835098, 5569230]"
1985,"[5569230, 1106523, 1004906, 8090521, 901062]"
693,"[1029743, 1056509, 976199, 1087102, 1044078]"
2373,[]
1721,"[999270, 940947, 1081177, 1004906, 965766]"
907,"[986912, 933835, 985999, 916122, 844179]"
159,"[1004906, 899624, 854405, 1029743, 1044078]"
483,"[1106523, 1029743, 986912, 1087102, 1056509]"
86,"[854852, 916122, 1126899, 866211, 835098]"
1083,"[933835, 899624, 839419, 866211, 1004906]"
2060,"[986912, 5569230, 1106523, 1122358, 1101010]"
1783,"[1029743, 965766, 901062, 1132771, 976199]"
564,"[1105488, 1106523, 1004906, 899624, 1029743]"
1644,"[1037840, 852856, 1075368, 1068719, 5568729]"
2037,"[1070820, 1029743, 1042438, 1106523, 965766]"
1647,"[1029743, 1004906, 901062, 965766, 899624]"
42,"[916122, 880150, 999858, 944534, 1044078]"
1869,"[1050851, 5568729, 940947, 908318, 999858]"
2305,"[1029743, 916122, 866211, 983584, 999858]"
2450,"[1070820, 878996, 901062, 854852, 6034857]"
779,"[1075368, 852856, 5568729, 8090532, 1029743]"
2364,"[12301100, 12301109, 993638, 6034857, 845307]"
274,"[1106523, 897954, 844179, 965766, 944534]"
545,"[1040807, 878996, 933835, 854852, 883003]"
1761,"[854852, 993638, 916122, 883003, 933835]"
2277,"[1029743, 965766, 865456, 1068719, 976199]"
435,"[8090537, 8090532, 909714, 1126899, 899624]"
1749,"[1029743, 6034857, 999858, 965766, 899624]"
225,"[907631, 1029743, 965766, 872137, 1070820]"
1073,"[1050851, 916122, 844179, 5568378, 5569230]"
699,"[1029743, 899624, 902172, 999104, 852856]"
1193,"[1050851, 1106523, 899624, 907631, 1068719]"
793,"[1044078, 1004906, 1106523, 1068719, 916122]"
1115,[]
2209,"[1029743, 866211, 1004906, 901062, 1127831]"
1157,"[1070820, 1126899, 940947, 1106523, 1068719]"
71,"[1056509, 1106523, 1029743, 916122, 12810393]"
166,"[1029743, 844179, 1075368, 1101010, 916122]"
524,"[1106523, 5568378, 1068719, 1056509, 1029743]"
321,"[901062, 1004906, 1056509, 944836, 1070702]"
23,"[1070820, 1075368, 6034857, 1081177, 1126899]"
1802,"[854852, 1127831, 1126899, 5569471, 1029743]"
1084,"[1122358, 999858, 1029743, 983584, 893018]"
249,"[1044078, 899624, 1029743, 1004906, 1068719]"
33,"[8090537, 872137, 5568378, 1106523, 8090521]"
461,"[1050851, 1004906, 897954, 901062, 899624]"
1666,[]
1123,"[5585510, 852856, 1126899, 1062002, 1004906]"
1841,"[999858, 1004906, 872137, 944534, 916122]"
1163,"[899624, 1029743, 976199, 854405, 866211]"
1147,"[1106523, 1068719, 1004906, 965766, 1137775]"
680,"[899624, 854852, 8090521, 12301109, 916122]"
1978,"[1106523, 1029743, 1068719, 1126899, 1081177]"
1096,"[986912, 1070820, 854852, 872137, 899624]"
2385,"[1029743, 1068719, 1070820, 1106523, 983584]"
1342,[]
118,"[1004906, 1081177, 893018, 854852, 909714]"
2496,"[916122, 933835, 899624, 5569230, 883003]"
717,"[986912, 1101010, 1040807, 933835, 993638]"
2146,"[1029743, 857503, 1004906, 965766, 899624]"
715,"[1106523, 1087102, 1138443, 1040807, 1070702]"
171,"[1044078, 1004906, 944534, 1029743, 916122]"
151,"[916122, 844179, 863447, 880150, 944534]"
1034,[]
2477,"[916122, 1004906, 866211, 863447, 1127831]"
537,"[933835, 854852, 12301100, 1040807, 883003]"
213,[]
1524,"[1126899, 835098, 1070820, 1106523, 854852]"
326,"[8090521, 1037840, 1029743, 1070820, 1126899]"
3,[]
988,"[1070820, 1029743, 1106523, 1068719, 976199]"
1330,"[1106523, 1029743, 965766, 999270, 976199]"
267,"[1029743, 1075368, 1056509, 1037840, 852856]"
884,[]
1892,"[1042438, 1044078, 916122, 1138443, 1106523]"
1104,"[986912, 5569230, 834117, 1126899, 1138443]"
1638,"[1029743, 852856, 1004906, 1106523, 1068719]"
2471,"[1126899, 1106523, 1029743, 5568378, 5569230]"
1996,"[899624, 854852, 1029743, 1070820, 944836]"
1231,"[1029743, 983584, 1070820, 965766, 1106523]"
1465,"[976199, 965766, 1029743, 872137, 913210]"
2026,[]
316,"[845307, 1044078, 5568378, 933835, 999270]"
2250,"[899624, 965766, 857503, 1004906, 976199]"
606,"[1029743, 1106523, 1081177, 8090537, 1068719]"
1593,"[1037840, 852856, 1075368, 865334, 1029743]"
1887,"[1029743, 1106523, 1068719, 965766, 1004906]"
1070,"[983584, 1070820, 1126899, 986912, 866211]"
1809,"[5568378, 8090537, 8090521, 1126899, 1106523]"
1189,"[1106523, 1044078, 1029743, 854852, 916122]"
1075,"[1029743, 1106523, 908318, 1004906, 1068719]"
1646,[]
1,"[901062, 940947, 865456, 857503, 1126899]"
2341,"[5568378, 1106523, 12301100, 965766, 12301109]"
1668,"[1106523, 1068719, 1126899, 5568378, 872137]"
50,[]
194,"[899624, 854852, 913210, 872137, 857503]"
1119,"[999270, 940947, 910032, 844179, 1106523]"
169,"[965766, 976199, 913210, 872137, 832678]"
1964,"[965766, 1029743, 1044078, 999858, 1004906]"
366,"[8090509, 1029743, 844179, 1044078, 1106523]"
1124,"[1029743, 976199, 5568378, 965766, 983584]"
659,"[5569845, 844179, 916122, 899624, 832678]"
471,[]
1706,"[1037840, 1075368, 852856, 986912, 865334]"
1214,[]
1717,"[1000753, 1029743, 1068719, 1106523, 976199]"
1221,"[1029743, 1004906, 965766, 976199, 899624]"
1648,"[1106523, 1126899, 1070820, 1068719, 1029743]"
2079,"[12301109, 8090537, 1106523, 1068719, 5569230]"
1555,"[1029743, 976199, 965766, 5568378, 1070820]"
2018,"[1029743, 866211, 1106523, 1004906, 1081177]"
613,[]
1112,"[986912, 6034857, 857503, 909714, 1068719]"
216,"[986912, 933835, 1101010, 883003, 1029743]"
1640,"[1106523, 823704, 916122, 1029743, 897954]"
16,"[1126899, 1070820, 8090537, 1106523, 1122358]"
1417,"[899624, 913210, 1070820, 865456, 965766]"
248,"[1029743, 965766, 913210, 5568378, 883003]"
734,"[6034857, 1029743, 1004906, 965766, 5569230]"
1447,"[834117, 838186, 872137, 832678, 5569845]"
566,[]
47,"[1029743, 1075368, 854405, 8090532, 940947]"
268,"[1029743, 872137, 965766, 940947, 865456]"
2148,"[883003, 1101010, 986912, 933835, 1040807]"
217,"[899624, 986912, 976199, 916122, 1018740]"
162,"[6034857, 1070820, 1122358, 1126899, 5569230]"
2500,"[854405, 1056509, 965766, 999858, 976199]"
1868,[]
623,"[1068719, 1070702, 916122, 1044078, 1029743]"
830,"[1106523, 899624, 854852, 866211, 901062]"
457,"[1029743, 1044078, 1106523, 1004906, 1068719]"
2014,"[1029743, 976199, 965766, 907631, 901062]"
411,"[1029743, 1106523, 854405, 893018, 863447]"
220,"[1029743, 839419, 854405, 866211, 899624]"
1174,"[999270, 854405, 910032, 940947, 1075368]"
112,"[5569845, 5569471, 5569374, 1126899, 834117]"
2160,"[976199, 933835, 1029743, 1087102, 965766]"
2278,"[863447, 1037840, 854852, 844179, 852856]"
1696,"[1070820, 1138443, 1040807, 1101010, 986912]"
668,"[897954, 844179, 1106523, 940947, 957951]"
1552,"[944836, 1029743, 965766, 916122, 983584]"
858,"[852856, 1037840, 983584, 965766, 976199]"
1380,"[852856, 965766, 1029743, 976199, 1037840]"
579,[]
1518,"[863447, 916122, 844179, 944836, 999858]"
212,"[1044078, 8090521, 1056509, 1062002, 8090537]"
2072,[]
357,[]
2112,"[1029743, 1070702, 1068719, 976199, 5585510]"
2119,"[1029743, 1004906, 1106523, 940947, 1044078]"
2333,"[1106523, 965766, 872137, 902172, 1029743]"
478,"[1037840, 852856, 1075368, 1029743, 8090537]"
1281,"[1044078, 1106523, 12810393, 5568378, 940947]"
323,[]
1931,"[1106523, 823704, 940947, 965766, 999270]"
1946,"[916122, 1070820, 880150, 999858, 1126899]"
286,"[883003, 1101010, 872137, 910032, 897954]"
262,"[1040807, 1004906, 1132771, 1101010, 1044078]"
2205,"[1106523, 983584, 854852, 986912, 1070820]"
1401,"[1044078, 976199, 965766, 1029743, 1106523]"
2303,"[1029743, 6034857, 933835, 1127831, 899624]"
2315,[]
610,[]
353,"[1087102, 866211, 901062, 1004906, 854852]"
1515,"[872137, 852856, 957951, 5569230, 1037840]"
954,"[6034857, 852856, 5569230, 5568729, 8090532]"
1698,"[1106523, 1068719, 907631, 1122358, 1042438]"
1951,"[1127831, 6034857, 832678, 1106523, 1126899]"
2101,"[1029743, 1040807, 983584, 999104, 1101010]"
1935,"[916122, 976199, 1127831, 1126899, 999270]"
308,"[5569230, 899624, 880150, 1070820, 913210]"
1790,"[1004906, 899624, 834117, 854852, 6034857]"
388,"[1029743, 899624, 901062, 1068719, 854852]"
1838,"[899624, 1126899, 1068719, 1106523, 1122358]"
2043,"[1044078, 885863, 1029743, 1050851, 883003]"
34,"[1044078, 1106523, 999858, 976199, 1068719]"
270,"[940947, 1106523, 1029743, 5568378, 1126899]"
1103,"[976199, 1126899, 1070820, 1029743, 1106523]"
697,"[986912, 933835, 993638, 1040807, 883003]"
1279,"[1106523, 965766, 1004906, 854852, 910032]"
811,"[899624, 5568378, 1004906, 901062, 965766]"
736,"[866211, 1044078, 1029743, 854852, 1081177]"
2410,"[1106523, 865456, 913210, 986912, 872137]"
83,"[872137, 865456, 913210, 854852, 1075368]"
1457,"[863447, 1044078, 916122, 854405, 1029743]"
187,"[983584, 1029743, 933835, 976199, 965766]"
1183,[]
1039,"[1029743, 835098, 5569230, 1044078, 916122]"
2197,"[1075368, 1037840, 865334, 852856, 865456]"
1100,"[976199, 1029743, 965766, 899624, 854852]"
525,"[883003, 933835, 1075368, 1040807, 1132771]"
1171,"[1075368, 1029743, 983584, 976199, 965766]"
497,"[1029743, 976199, 965766, 1068719, 1106523]"
1734,"[5568378, 1106523, 1122358, 1126899, 976199]"
331,"[1004906, 1029743, 1081177, 1106523, 1126899]"
769,"[1106523, 901062, 965766, 999858, 1029743]"
2253,"[1029743, 976199, 1106523, 965766, 1068719]"
1313,"[1029743, 8090521, 1081177, 1004906, 965766]"
861,[]
1877,[]
139,"[866211, 901062, 854852, 835098, 1075368]"
723,"[6034857, 899624, 999104, 1029743, 854852]"
1108,"[940947, 8065410, 999270, 957951, 8090521]"
1182,"[1106523, 1068719, 899624, 1044078, 1029743]"
1700,"[839419, 5568378, 12301109, 844179, 12301100]"
1833,"[1000753, 838186, 916122, 944836, 940947]"
339,"[1106523, 1029743, 1068719, 5568378, 965766]"
2287,"[1004906, 854852, 1029743, 1081177, 1106523]"
602,"[1029743, 1126899, 1106523, 5569230, 1068719]"
244,"[986912, 1040807, 1101010, 1138443, 1132771]"
836,"[910032, 1037840, 940947, 999270, 913210]"
1368,"[916122, 1070702, 863447, 965766, 1070820]"
191,"[910032, 999270, 1029743, 940947, 976199]"
2179,"[872137, 854852, 857503, 865456, 909714]"
1344,"[1029743, 834117, 965766, 865456, 872137]"
90,[]
2323,"[1044078, 865334, 1020581, 952163, 6034857]"
547,"[986912, 1029743, 933835, 1040807, 883003]"
514,"[1105488, 916122, 866211, 1127831, 909714]"
1861,"[1029743, 965766, 976199, 1070820, 916122]"
100,"[910032, 854405, 838186, 834117, 999270]"
1236,"[8090521, 5569230, 8090537, 1126899, 1122358]"
1766,"[1044078, 1068719, 1040807, 916122, 907631]"
1882,"[852856, 965766, 1068719, 1106523, 1056509]"
1886,[]
777,"[1132771, 1029743, 899624, 1004906, 1068719]"
1779,[]
2317,"[1029743, 899624, 916122, 933835, 1127831]"
1087,"[1106523, 916122, 899624, 844179, 12810393]"
1295,"[1029743, 1106523, 1070820, 965766, 983584]"
1669,"[872137, 913210, 865456, 965766, 1068719]"
2089,"[1126899, 1106523, 8090537, 8090521, 5568378]"
2172,"[1029743, 839419, 940947, 1004906, 1068719]"
111,"[1106523, 1004906, 6034857, 1029743, 999270]"
1784,"[901062, 1004906, 951412, 909714, 908318]"
662,"[1106523, 8090537, 8090521, 1070820, 5568378]"
1903,"[1106523, 1112238, 1029743, 965766, 1004906]"
254,"[1106523, 1029743, 1068719, 1070820, 1126899]"
1662,"[916122, 1126899, 951412, 999104, 985999]"
713,"[1075368, 5569230, 1029743, 965766, 1070820]"
1331,"[976199, 5568378, 852856, 965766, 1068719]"
1299,"[8090521, 899624, 1004906, 1029743, 916122]"
333,[]
1242,[]
1765,"[1070820, 1106523, 1029743, 1126899, 999858]"
1388,"[916122, 5569845, 1126899, 5568729, 1044078]"
1660,"[976199, 965766, 1070820, 1029743, 913210]"
1463,"[986912, 1106523, 1068719, 1101010, 1070820]"
2457,"[1106523, 1112238, 1105488, 1068719, 901062]"
2437,"[1004906, 1070820, 5569845, 901062, 5569374]"
284,[]
1789,"[957951, 5569471, 834117, 986912, 5569230]"
1523,[]
2223,"[5568378, 940947, 8065410, 1106523, 1068719]"
2081,[]
1695,"[1004906, 1081177, 6034857, 1106523, 1056509]"
576,"[1106523, 8090521, 8090532, 8090537, 5569845]"
595,"[1106523, 1070702, 1040807, 1137775, 1029743]"
1628,[]
1743,"[893018, 832678, 852856, 902172, 872137]"
446,[]
1201,"[1029743, 983584, 965766, 1068719, 976199]"
2153,"[1029743, 854405, 1044078, 1004906, 910032]"
1131,"[1029743, 965766, 993638, 1056509, 910032]"
2022,"[1029743, 916122, 854852, 909714, 5569230]"
581,"[1126899, 1004906, 899624, 1029743, 1106523]"
407,"[983584, 940947, 1029743, 1106523, 1070820]"
1553,"[1029743, 986912, 901062, 1004906, 1068719]"
1712,"[872137, 902172, 907631, 832678, 838186]"
904,"[1106523, 1029743, 854405, 1126899, 872137]"
837,"[1106523, 8090537, 5568378, 1029743, 8090521]"
1571,"[913210, 865456, 872137, 976199, 999104]"
794,"[857503, 8065410, 899624, 865456, 1004906]"
2000,"[1126899, 1070820, 872137, 1122358, 1106523]"
507,"[1029743, 965766, 1068719, 976199, 983584]"
749,[]
72,"[1070702, 6034857, 1070820, 1126899, 1004906]"
1208,"[999858, 880150, 944836, 985999, 844179]"
814,"[1012587, 907631, 985999, 944836, 1000753]"
1500,"[1122358, 1126899, 852856, 1075368, 5568729]"
1730,"[865334, 1020581, 952163, 6034857, 901062]"
1053,"[1137775, 971922, 933835, 1040807, 916122]"
1991,"[1044078, 880150, 12810393, 844179, 863447]"
2202,"[1037840, 5568729, 872137, 852856, 5569230]"
1382,"[1106523, 1029743, 5568378, 1056509, 1068719]"
999,"[1029743, 1044078, 899624, 907631, 983584]"
942,"[1087102, 1029743, 1070702, 5569230, 12810393]"
1222,"[916122, 933835, 863447, 5569230, 1044078]"
1005,"[12301100, 899624, 1044078, 1004906, 1106523]"
1502,"[1037840, 852856, 1075368, 865334, 986912]"
264,"[834117, 872137, 893018, 5569230, 8090537]"
2174,"[986912, 1106523, 940947, 1101010, 933835]"
2161,"[1126899, 880150, 944836, 1029743, 916122]"
742,"[965766, 976199, 1106523, 5568378, 1029743]"
2258,"[1126899, 823704, 854405, 940947, 1070820]"
2482,"[1106523, 1004906, 1029743, 1044078, 965766]"
1064,"[8090521, 1070820, 1126899, 8090537, 965766]"
1811,"[1106523, 1068719, 1044078, 999270, 944534]"
116,"[1106523, 976199, 1029743, 965766, 1068719]"
1728,"[1029743, 1126899, 1070820, 1106523, 940947]"
2138,"[1029743, 965766, 1122358, 976199, 854405]"
2195,"[1126899, 1138443, 6034857, 986912, 1029743]"
1069,"[999858, 1029743, 983584, 865456, 965766]"
168,[]
197,"[1126899, 838186, 1042438, 908318, 854852]"
257,"[1106523, 1004906, 899624, 1068719, 1029743]"
1967,"[1029743, 854852, 899624, 1004906, 835098]"
1780,"[1004906, 874972, 944836, 1044078, 999858]"
865,"[1106523, 899624, 857503, 1044078, 854852]"
1867,"[916122, 897954, 844179, 913210, 872137]"
1334,"[1106523, 1029743, 5568378, 1068719, 976199]"
1683,"[965766, 1029743, 1081177, 976199, 1004906]"
1437,"[1044078, 1068719, 854852, 999270, 885863]"
2435,"[1029743, 899624, 834117, 983584, 1081177]"
2283,[]
2442,"[1126899, 1106523, 1122358, 5568378, 872137]"
375,"[1029743, 8090532, 8090537, 8090509, 5569845]"
927,"[1029743, 976199, 965766, 1068719, 999104]"
2397,"[1106523, 1137775, 1004906, 1138443, 1132771]"
1733,"[986912, 874972, 933835, 1040807, 1126899]"
818,"[1029743, 857503, 1126899, 909714, 1081177]"
1259,[]
1739,"[5568378, 965766, 1106523, 902172, 999270]"
770,"[857503, 983584, 1056509, 6034857, 1070820]"
126,"[1004906, 899624, 866211, 901062, 854852]"
1699,"[993638, 1132771, 933835, 1040807, 1138443]"
701,"[5569230, 1068719, 835098, 976199, 1070702]"
383,"[1126899, 6034857, 899624, 944836, 1081177]"
515,"[899624, 1106523, 1070702, 1004906, 8090537]"
1389,"[8090537, 1132771, 986912, 1101010, 8090521]"
1263,"[1070820, 1106523, 1068719, 1126899, 1056509]"
300,"[1106523, 1029743, 983584, 1068719, 834117]"
1202,"[1132771, 1106523, 1138443, 971922, 1029743]"
711,"[1106523, 872137, 1126899, 8090537, 1070820]"
2173,"[1087102, 1132771, 865456, 835098, 1101010]"
1410,"[1029743, 976199, 965766, 1070820, 1106523]"
1519,"[916122, 5569230, 6034857, 1070702, 8090521]"
167,"[5569230, 834117, 5568729, 852856, 832678]"
1787,[]
1196,"[854852, 857503, 1070820, 901062, 909714]"
1587,[]
107,"[1029743, 899624, 1106523, 1068719, 1004906]"
2294,"[1132771, 1029743, 852856, 5568378, 12810393]"
1155,"[838186, 832678, 957951, 976199, 902172]"
196,"[1070702, 1106523, 835098, 854852, 1000753]"
1898,"[965766, 1106523, 893018, 872137, 1070820]"
593,"[1106523, 1004906, 866211, 901062, 854852]"
665,"[1075368, 1037840, 852856, 957951, 5568378]"
1862,[]
1038,[]
1560,"[1068719, 12301109, 1029743, 965766, 883003]"
2042,[]
2399,[]
1003,"[872137, 893018, 1029743, 5568729, 5569230]"
1350,"[1106523, 1029743, 965766, 1044078, 5568378]"
1403,[]
877,"[1070820, 1126899, 6034857, 8090537, 872137]"
1891,"[1029743, 944836, 983584, 944534, 1106523]"
1216,"[5569230, 1070820, 1029743, 1075368, 965766]"
1361,[]
385,"[6034857, 8065410, 933835, 857503, 1087102]"
1688,[]
557,"[857503, 865456, 832678, 909714, 893018]"
1512,"[986912, 1029743, 1040807, 933835, 976199]"
508,"[1106523, 1101010, 8065410, 899624, 5568378]"
1889,[]
1713,"[5569230, 1029743, 8090537, 1106523, 5568729]"
1357,"[1070820, 1126899, 1106523, 1068719, 5568378]"
1209,"[1029743, 1087102, 933835, 986912, 1040807]"
987,"[916122, 986912, 1087102, 1137775, 1101010]"
2288,"[986912, 993638, 885863, 883003, 1018740]"
1265,"[1101010, 5568378, 1004906, 899624, 986912]"
348,"[1056509, 1029743, 1068719, 5568378, 1106523]"
2379,"[854405, 872137, 1126899, 854852, 1037840]"
721,"[1126899, 1070820, 8090537, 872137, 8090521]"
35,"[1106523, 1029743, 965766, 5568378, 976199]"
1929,"[1075368, 883003, 1106523, 899624, 933835]"
984,"[1029743, 1106523, 1068719, 1004906, 965766]"
140,"[1075368, 1037840, 1106523, 8090537, 1070820]"
1992,"[1042438, 1126899, 913210, 999104, 1029743]"
506,"[1029743, 899624, 965766, 940947, 999270]"
969,"[1029743, 1106523, 965766, 983584, 999270]"
2369,"[899624, 1029743, 6034857, 1112238, 854852]"
548,"[854852, 872137, 1081177, 1101010, 901062]"
1755,"[916122, 883003, 933835, 993638, 965766]"
1280,[]
2001,"[1037840, 852856, 1075368, 986912, 1068719]"
2145,[]
1086,"[844179, 863447, 832678, 12810393, 965766]"
1414,"[1126899, 852856, 5568378, 1037840, 913210]"
437,"[901062, 944534, 8065410, 999858, 944836]"
146,"[834117, 838186, 832678, 5568729, 957951]"
1025,"[1106523, 8090521, 5568378, 1044078, 880150]"
1853,"[1029743, 976199, 1068719, 965766, 1106523]"
1578,"[12810393, 12301109, 916122, 1029743, 8090532]"
29,"[899624, 872137, 865456, 901062, 866211]"
2103,[]
1252,"[872137, 1062002, 832678, 999104, 878996]"
2248,"[965766, 913210, 933835, 976199, 865456]"
70,"[1037840, 1075368, 852856, 899624, 865334]"
1871,"[854852, 1004906, 899624, 1081177, 866211]"
245,"[863447, 1132771, 1044078, 1137775, 1000753]"
1110,"[916122, 863447, 844179, 1029743, 12810393]"
643,"[1029743, 899624, 1056509, 1106523, 1004906]"
2354,"[866211, 913210, 1126899, 878996, 865456]"
247,"[8090537, 901062, 1000753, 1106523, 916122]"
